symboling,normalized-losses,num-of-doors,wheel-base,length,width,height,curb-weight,num-of-cylinders,engine-size,bore,stroke,compression-ratio,horsepower,peak-rpm,city-mpg,highway-mpg,price,city-L/100km,horsepower-binned,diesel,gas,bulan,year,make_audi,make_bmw,make_chevrolet,make_dodge,make_honda,make_isuzu,make_jaguar,make_mazda,make_mercedes-benz,make_mercury,make_mitsubishi,make_nissan,make_peugot,make_plymouth,make_porsche,make_renault,make_saab,make_subaru,make_toyota,make_volkswagen,make_volvo,aspiration_turbo,body-style_Sedan,body-style_convertible,body-style_hardtop,body-style_hatchback,body-style_sedan,body-style_wagon,drive-wheels_AWD,drive-wheels_RWD,drive-wheels_fwd,drive-wheels_rwd,engine-location_rear,engine-type_l,engine-type_ohc,engine-type_ohcf,engine-type_ohcv,fuel-system_2bbl,fuel-system_idi,fuel-system_mfi,fuel-system_mpfi,fuel-system_spdi,fuel-system_spfi
3,0.29842931937172773,2.0,0.068965517241379,0.4504065040650409,0.3247863247863245,0.0,0.41117145073700545,4,0.2839506172839506,0.6642857142857144,0.29047619047619055,0.125,0.39622641509433965,0.346938775510204,0.2,0.2894736842105263,13495.0,0.5333333333333332,1.0,0,1,1,2025,0,0,0,0,0,0,0,0,0,0,0,0,0,0,0,0,0,0,0,0,0,0,0,1,0,0,0,0,0,0,0,1,0,0,0,0,0,0,0,0,1,0,0
3,0.29842931937172773,2.0,0.068965517241379,0.4504065040650409,0.3247863247863245,0.0,0.41117145073700545,4,0.2839506172839506,0.6642857142857144,0.29047619047619055,0.125,0.39622641509433965,0.346938775510204,0.2,0.2894736842105263,16500.0,0.5333333333333332,1.0,0,1,2,2025,0,0,0,0,0,0,0,0,0,0,0,0,0,0,0,0,0,0,0,0,0,0,0,1,0,0,0,0,0,0,0,1,0,0,0,0,0,0,0,0,1,0,0
1,0.29842931937172773,2.0,0.27241379310344804,0.4894308943089434,0.44444444444444464,0.32727272727272716,0.5178432893716058,6,0.37448559670781895,0.10000000000000009,0.6666666666666667,0.125,0.6666666666666666,0.346938775510204,0.14285714285714285,0.26315789473684204,16500.0,0.6315789473684212,1.0,0,1,1,2025,0,0,0,0,0,0,0,0,0,0,0,0,0,0,0,0,0,0,0,0,0,0,0,0,0,1,0,0,0,0,0,1,0,0,0,0,1,0,0,0,1,0,0
2,0.5183246073298429,4.0,0.45517241379310347,0.5772357723577235,0.5042735042735043,0.5,0.3293250581846392,4,0.19753086419753085,0.4642857142857142,0.6333333333333333,0.1875,0.339622641509434,0.5510204081632655,0.28571428571428575,0.368421052631579,13950.0,0.4166666666666667,1.0,0,1,1,2025,1,0,0,0,0,0,0,0,0,0,0,0,0,0,0,0,0,0,0,0,0,0,0,0,0,0,1,0,0,0,1,0,0,0,1,0,0,0,0,0,1,0,0
2,0.5183246073298429,4.0,0.4413793103448276,0.5772357723577235,0.5213675213675231,0.5,0.5182311869666407,5,0.30864197530864196,0.4642857142857142,0.6333333333333333,0.0625,0.42138364779874216,0.5510204081632655,0.11428571428571427,0.1578947368421053,17450.0,0.6888888888888891,1.0,0,1,1,2025,1,0,0,0,0,0,0,0,0,0,0,0,0,0,0,0,0,0,0,0,0,0,0,0,0,0,1,0,0,0,0,0,0,0,1,0,0,0,0,0,1,0,0
2,0.29842931937172773,2.0,0.45517241379310347,0.588617886178862,0.5128205128205119,0.39090909090909065,0.3952676493405741,5,0.30864197530864196,0.4642857142857142,0.6333333333333333,0.09375,0.389937106918239,0.5510204081632655,0.14285714285714285,0.23684210526315785,15250.0,0.6315789473684212,1.0,0,1,6,2025,1,0,0,0,0,0,0,0,0,0,0,0,0,0,0,0,0,0,0,0,0,0,0,0,0,0,1,0,0,0,1,0,0,0,1,0,0,0,0,0,1,0,0
1,0.486910994764398,4.0,0.6620689655172414,0.8390243902439023,0.9487179487179498,0.6272727272727279,0.525989138867339,5,0.30864197530864196,0.4642857142857142,0.6333333333333333,0.09375,0.389937106918239,0.5510204081632655,0.14285714285714285,0.23684210526315785,17710.0,0.6315789473684212,1.0,0,1,1,2025,1,0,0,0,0,0,0,0,0,0,0,0,0,0,0,0,0,0,0,0,0,0,0,0,0,0,1,0,0,0,1,0,0,0,1,0,0,0,0,0,1,0,0
1,0.29842931937172773,4.0,0.6620689655172414,0.8390243902439023,0.9487179487179498,0.6272727272727279,0.5686578743211792,5,0.30864197530864196,0.4642857142857142,0.6333333333333333,0.09375,0.389937106918239,0.5510204081632655,0.14285714285714285,0.23684210526315785,18920.0,0.6315789473684212,1.0,0,1,1,2025,1,0,0,0,0,0,0,0,0,0,0,0,0,0,0,0,0,0,0,0,0,0,0,0,0,0,0,1,0,0,1,0,0,0,1,0,0,0,0,0,1,0,0
1,0.486910994764398,4.0,0.6620689655172414,0.8390243902439023,0.9487179487179498,0.6454545454545455,0.6198603568657874,5,0.28806584362139925,0.4214285714285715,0.6333333333333333,0.08125000000000004,0.5786163522012578,0.5510204081632655,0.08571428571428574,0.10526315789473684,23875.0,0.7529411764705887,1.0,0,1,1,2025,1,0,0,0,0,0,0,0,0,0,0,0,0,0,0,0,0,0,0,0,0,1,0,0,0,0,0,0,0,0,1,0,0,0,1,0,0,0,0,0,1,0,0
2,0.6649214659685865,2.0,0.5034482758620689,0.5804878048780489,0.38461538461538414,0.5,0.35182311869666405,4,0.1934156378600823,0.6857142857142857,0.3476190476190477,0.11250000000000004,0.33333333333333337,0.6734693877551019,0.2571428571428572,0.3421052631578947,16430.0,0.45217391304347837,0.0,0,1,10,2025,0,1,0,0,0,0,0,0,0,0,0,0,0,0,0,0,0,0,0,0,0,0,0,0,0,0,1,0,0,0,0,1,0,0,1,0,0,0,0,0,1,0,0
0,0.6439790575916231,2.0,0.5034482758620689,0.5804878048780489,0.38461538461538414,0.5,0.474010861132661,6,0.42386831275720166,0.55,0.5333333333333334,0.125,0.4591194968553459,0.04081632653061229,0.2,0.3157894736842105,20970.0,0.5333333333333332,1.0,0,1,1,2025,0,1,0,0,0,0,0,0,0,0,0,0,0,0,0,0,0,0,0,0,0,0,0,0,0,0,1,0,0,0,0,1,0,0,1,0,0,0,0,0,1,0,0
0,0.6439790575916231,4.0,0.5034482758620689,0.5804878048780489,0.38461538461538414,0.5,0.495345228859581,6,0.42386831275720166,0.55,0.5333333333333334,0.125,0.4591194968553459,0.04081632653061229,0.2,0.3157894736842105,21105.0,0.5333333333333332,1.0,0,1,1,2025,0,1,0,0,0,0,0,0,0,0,0,0,0,0,0,0,0,0,0,0,0,0,0,0,0,0,1,0,1,0,0,0,0,0,1,0,0,0,0,0,1,0,0
1,0.29842931937172773,4.0,0.5827586206896553,0.7788617886178861,0.5641025641025648,0.6272727272727279,0.6078355314197053,6,0.42386831275720166,0.55,0.5333333333333334,0.125,0.4591194968553459,0.04081632653061229,0.17142857142857143,0.23684210526315785,24565.0,0.5800000000000001,1.0,0,1,1,2025,0,1,0,0,0,0,0,0,0,0,0,0,0,0,0,0,0,0,0,0,0,0,0,0,0,0,1,0,0,0,0,1,0,0,1,0,0,0,0,0,1,0,0
0,0.29842931937172773,4.0,0.5827586206896553,0.7788617886178861,0.5641025641025648,0.6272727272727279,0.6757176105508145,6,0.609053497942387,0.7714285714285716,0.6285714285714288,0.0625,0.8427672955974842,0.5102040816326532,0.05714285714285716,0.1578947368421053,30760.0,0.8250000000000002,2.0,0,1,1,2025,0,1,0,0,0,0,0,0,0,0,0,0,0,0,0,0,0,0,0,0,0,0,0,0,0,0,1,0,0,0,0,1,0,0,1,0,0,0,0,0,1,0,0
0,0.29842931937172773,4.0,0.806896551724138,0.9089430894308945,0.9059829059829072,0.6818181818181817,0.7823894491854151,6,0.609053497942387,0.7714285714285716,0.6285714285714288,0.0625,0.8427672955974842,0.5102040816326532,0.02857142857142858,0.10526315789473684,36880.0,0.9066666666666665,2.0,0,1,1,2025,0,1,0,0,0,0,0,0,0,0,0,0,0,0,0,0,0,0,0,0,0,0,0,0,0,0,1,0,0,0,0,1,0,0,1,0,0,0,0,0,1,0,0
2,0.29319371727748694,2.0,0.062068965517241725,0.0,0.0,0.40000000000000036,0.0,3,0.0,0.26428571428571446,0.4571428571428571,0.15625,0.0,0.3877551020408163,0.9428571428571428,0.9736842105263157,5151.0,0.01702127659574476,0.0,0,1,1,2025,0,0,1,0,0,0,0,0,0,0,0,0,0,0,0,0,0,0,0,0,0,0,0,0,0,1,0,0,0,0,1,0,0,1,0,0,0,1,0,0,0,0,0
1,0.1727748691099476,2.0,0.27241379310344804,0.24065040650406555,0.28205128205128194,0.290909090909091,0.14972847168347558,4,0.11934156378600824,0.34999999999999987,0.49523809523809526,0.16249999999999998,0.1383647798742138,0.5102040816326532,0.6857142857142857,0.7105263157894737,6295.0,0.11578947368421061,0.0,0,1,1,2025,0,0,1,0,0,0,0,0,0,0,0,0,0,0,0,0,0,0,0,0,0,0,0,0,0,1,0,0,0,0,1,0,0,0,1,0,0,0,0,0,1,0,0
0,0.08376963350785338,4.0,0.27241379310344804,0.28780487804878074,0.28205128205128194,0.290909090909091,0.1633048875096974,4,0.11934156378600824,0.34999999999999987,0.49523809523809526,0.16249999999999998,0.1383647798742138,0.5102040816326532,0.6857142857142857,0.7105263157894737,6575.0,0.11578947368421061,0.0,0,1,1,2025,0,0,1,0,0,0,0,0,0,0,0,0,0,0,0,0,0,0,0,0,0,0,0,0,0,0,1,0,0,0,1,0,0,0,1,0,0,1,0,0,0,0,0
1,0.27748691099476436,2.0,0.2448275862068967,0.2634146341463417,0.29914529914529897,0.18181818181818166,0.15050426687354534,4,0.11934156378600824,0.30714285714285716,0.5523809523809524,0.15000000000000002,0.12578616352201255,0.5510204081632655,0.4857142857142857,0.5789473684210527,6377.0,0.23225806451612913,0.0,0,1,1,2025,0,0,0,1,0,0,0,0,0,0,0,0,0,0,0,0,0,0,0,0,0,0,0,0,0,1,0,0,0,0,1,0,0,0,1,0,0,1,0,0,0,0,0
1,0.27748691099476436,2.0,0.2448275862068967,0.2634146341463417,0.29914529914529897,0.18181818181818166,0.24825446082234293,4,0.15226337448559674,0.34999999999999987,0.6285714285714288,0.03749999999999998,0.339622641509434,0.5510204081632655,0.28571428571428575,0.368421052631579,7957.0,0.4166666666666667,1.0,0,1,1,2025,0,0,0,1,0,0,0,0,0,0,0,0,0,0,0,0,0,0,0,0,0,1,0,0,0,1,0,0,0,0,1,0,0,0,1,0,0,0,0,0,1,0,0
1,0.43455497382198954,4.0,0.2448275862068967,0.2634146341463417,0.29914529914529897,0.16363636363636402,0.18580294802172226,4,0.11934156378600824,0.30714285714285716,0.5523809523809524,0.15000000000000002,0.12578616352201255,0.5510204081632655,0.4857142857142857,0.5789473684210527,6229.0,0.23225806451612913,0.0,0,1,1,2025,0,0,0,1,0,0,0,0,0,0,0,0,0,0,0,0,0,0,0,0,0,0,0,0,0,1,0,0,0,0,1,0,0,0,1,0,0,1,0,0,0,0,0
1,0.43455497382198954,4.0,0.2448275862068967,0.2634146341463417,0.29914529914529897,0.16363636363636402,0.1943366951124903,4,0.11934156378600824,0.30714285714285716,0.5523809523809524,0.15000000000000002,0.12578616352201255,0.5510204081632655,0.4857142857142857,0.5789473684210527,6692.0,0.23225806451612913,0.0,0,1,1,2025,0,0,0,1,0,0,0,0,0,0,0,0,0,0,0,0,0,0,0,0,0,0,0,0,0,0,1,0,0,0,1,0,0,0,1,0,0,1,0,0,0,0,0
1,0.43455497382198954,4.0,0.2448275862068967,0.2634146341463417,0.29914529914529897,0.16363636363636402,0.1943366951124903,4,0.11934156378600824,0.30714285714285716,0.5523809523809524,0.15000000000000002,0.12578616352201255,0.5510204081632655,0.4857142857142857,0.5789473684210527,7609.0,0.23225806451612913,0.0,0,1,1,2025,0,0,0,1,0,0,0,0,0,0,0,0,0,0,0,0,0,0,0,0,0,0,0,0,0,0,1,0,0,0,1,0,0,0,1,0,0,1,0,0,0,0,0
1,0.43455497382198954,4.0,0.2448275862068967,0.2634146341463417,0.29914529914529897,0.16363636363636402,0.2726920093095423,4,0.15226337448559674,0.34999999999999987,0.6285714285714288,0.03749999999999998,0.339622641509434,0.5510204081632655,0.28571428571428575,0.368421052631579,8558.0,0.4166666666666667,1.0,0,1,1,2025,0,0,0,1,0,0,0,0,0,0,0,0,0,0,0,0,0,0,0,0,0,1,0,0,0,0,1,0,0,0,1,0,0,0,1,0,0,0,0,0,1,0,0
-1,0.23560209424083772,4.0,0.5758620689655172,0.5447154471544717,0.3675213675213671,1.0,0.40612878200155156,4,0.25102880658436216,0.5714285714285714,0.661904761904762,0.09375,0.2515723270440251,0.346938775510204,0.28571428571428575,0.368421052631579,8921.0,0.4166666666666667,0.0,0,1,1,2025,0,0,0,1,0,0,0,0,0,0,0,0,0,0,0,0,0,0,0,0,0,0,0,0,0,0,0,1,0,0,1,0,0,0,1,0,0,1,0,0,0,0,0
3,0.41884816753926707,2.0,0.3206896551724139,0.5219512195121947,0.5128205128205119,0.12727272727272787,0.513188518231187,4,0.3909465020576132,0.7571428571428573,0.8714285714285714,0.0,0.610062893081761,0.346938775510204,0.14285714285714285,0.21052631578947367,12964.0,0.6315789473684212,1.0,0,1,1,2025,0,0,0,1,0,0,0,0,0,0,0,0,0,0,0,0,0,0,0,0,0,1,0,0,0,1,0,0,0,0,1,0,0,0,1,0,0,0,0,1,0,0,0
2,0.3769633507853403,2.0,0.0,0.056910569105691255,0.3076923076923075,0.18181818181818166,0.08727695888285492,4,0.12757201646090538,0.26428571428571446,0.6380952380952383,0.16249999999999998,0.06289308176100628,0.26530612244897966,1.0,1.0,6479.0,0.0,0.0,0,1,1,2025,0,0,0,0,1,0,0,0,0,0,0,0,0,0,0,0,0,0,0,0,0,0,0,0,0,1,0,0,0,0,1,0,0,0,1,0,0,0,0,0,0,0,0
2,0.3769633507853403,2.0,0.0,0.056910569105691255,0.3076923076923075,0.18181818181818166,0.12839410395655548,4,0.12757201646090538,0.26428571428571446,0.6380952380952383,0.13749999999999996,0.17610062893081757,0.7551020408163265,0.4857142857142857,0.5789473684210527,6855.0,0.23225806451612913,0.0,0,1,1,2025,1,0,0,0,0,0,0,0,0,0,0,0,0,0,0,0,0,0,0,0,0,0,0,0,0,1,0,0,0,0,1,0,0,0,1,0,0,0,0,0,0,0,0
1,0.1884816753926702,2.0,0.2448275862068967,0.14471544715447182,0.316239316239316,0.3454545454545457,0.1353762606671839,4,0.07407407407407407,0.26428571428571446,0.4761904761904763,0.19374999999999998,0.07547169811320753,0.5510204081632655,0.6857142857142857,0.6842105263157894,5399.0,0.11578947368421061,0.0,0,1,2,2025,0,0,0,0,1,0,0,0,0,0,0,0,0,0,0,0,0,0,0,0,0,0,0,0,0,1,0,0,0,0,1,0,0,0,1,0,0,0,0,0,0,0,0
1,0.1884816753926702,2.0,0.2448275862068967,0.14471544715447182,0.316239316239316,0.3454545454545457,0.1753297129557797,4,0.12757201646090538,0.26428571428571446,0.6380952380952383,0.13749999999999996,0.17610062893081757,0.7551020408163265,0.45714285714285713,0.4736842105263157,6529.0,0.25333333333333324,0.0,0,1,2,2025,0,0,0,0,1,0,0,0,0,0,0,0,0,0,0,0,0,0,0,0,0,0,0,0,0,1,0,0,0,0,1,0,0,0,1,0,0,0,0,0,0,0,0
1,0.1884816753926702,2.0,0.2448275862068967,0.14471544715447182,0.316239316239316,0.3454545454545457,0.18153607447633824,4,0.12757201646090538,0.26428571428571446,0.6380952380952383,0.13749999999999996,0.17610062893081757,0.7551020408163265,0.45714285714285713,0.4736842105263157,7129.0,0.25333333333333324,0.0,0,1,3,2025,0,0,0,0,1,0,0,0,0,0,0,0,0,0,0,0,0,0,0,0,0,0,0,0,0,1,0,0,0,0,1,0,0,0,1,0,0,0,0,0,0,0,0
0,0.23560209424083772,4.0,0.3413793103448275,0.36260162601626034,0.316239316239316,0.5181818181818185,0.20248254460822346,4,0.12757201646090538,0.26428571428571446,0.6380952380952383,0.13749999999999996,0.17610062893081757,0.7551020408163265,0.45714285714285713,0.4736842105263157,7295.0,0.25333333333333324,0.0,0,1,2,2025,0,0,0,0,1,0,0,0,0,0,0,0,0,0,0,0,0,0,0,0,0,0,0,0,0,0,1,0,0,0,1,0,0,0,1,0,0,0,0,0,0,0,0
0,0.21465968586387435,2.0,0.3413793103448275,0.4292682926829272,0.4188034188034191,0.40909090909090917,0.29014740108611325,4,0.20164609053497945,0.4357142857142857,0.7190476190476192,0.125,0.23899371069182385,0.6734693877551019,0.3714285714285714,0.4473684210526315,7895.0,0.325925925925926,0.0,0,1,2,2025,0,0,0,0,1,0,0,0,0,0,0,0,0,0,0,0,0,0,0,0,0,0,0,0,0,1,0,0,0,0,1,0,0,0,1,0,0,0,0,0,0,0,0
0,0.21465968586387435,2.0,0.3413793103448275,0.4292682926829272,0.4188034188034191,0.40909090909090917,0.3107059736229635,4,0.20164609053497945,0.4357142857142857,0.7190476190476192,0.125,0.23899371069182385,0.6734693877551019,0.3714285714285714,0.4473684210526315,9095.0,0.325925925925926,0.0,0,1,7,2025,0,0,0,0,1,0,0,0,0,0,0,0,0,0,0,0,0,0,0,0,0,0,0,0,0,1,0,0,0,0,1,0,0,0,1,0,0,0,0,0,0,0,0
0,0.10471204188481675,4.0,0.3413793103448275,0.5577235772357723,0.4188034188034191,0.48181818181818237,0.31652443754848725,4,0.20164609053497945,0.4357142857142857,0.7190476190476192,0.125,0.23899371069182385,0.6734693877551019,0.3714285714285714,0.4473684210526315,8845.0,0.325925925925926,0.0,0,1,2,2025,0,0,0,0,1,0,0,0,0,0,0,0,0,0,0,0,0,0,0,0,0,0,0,0,0,0,1,0,0,0,1,0,0,0,1,0,0,0,0,0,0,0,0
0,0.10471204188481675,4.0,0.3413793103448275,0.5577235772357723,0.18803418803418825,0.48181818181818237,0.34290147401086113,4,0.20164609053497945,0.4357142857142857,0.7190476190476192,0.125,0.23899371069182385,0.6734693877551019,0.3714285714285714,0.4473684210526315,10295.0,0.325925925925926,0.0,0,1,2,2025,0,0,0,0,1,0,0,0,0,0,0,0,0,0,0,0,0,0,0,0,0,0,0,0,0,0,1,0,0,0,1,0,0,0,1,0,0,0,0,0,0,0,0
1,0.21989528795811514,2.0,0.3413793103448275,0.45528455284552827,0.4871794871794872,0.20000000000000018,0.3122575640031032,4,0.20164609053497945,0.4357142857142857,0.7190476190476192,0.13124999999999998,0.32704402515723274,0.5510204081632655,0.31428571428571433,0.39473684210526316,10345.0,0.38400000000000006,0.0,0,1,11,2025,0,0,0,0,1,0,0,0,0,0,0,0,0,0,0,0,0,0,0,0,0,0,0,0,0,0,1,0,0,0,1,0,0,0,1,0,0,1,0,0,0,0,0
0,0.29842931937172773,4.0,0.2655172413793103,0.4813008130081302,0.12820512820512864,0.4272727272727277,0.3293250581846392,4,0.205761316872428,0.55,0.5523809523809524,0.09375,0.18867924528301883,0.26530612244897966,0.28571428571428575,0.3421052631578947,6785.0,0.4166666666666667,0.0,0,1,2,2025,0,0,0,0,0,1,0,0,0,0,0,0,0,0,0,0,0,0,0,0,0,0,0,0,0,0,1,0,0,0,0,1,0,0,1,0,0,1,0,0,0,0,0
2,0.29842931937172773,2.0,0.32413793103448274,0.5121951219512195,0.4188034188034191,0.23636363636363633,0.4833204034134988,4,0.23868312757201648,0.6357142857142859,0.5523809523809524,0.13749999999999996,0.26415094339622636,0.346938775510204,0.28571428571428575,0.3421052631578947,11048.0,0.4166666666666667,0.0,0,1,2,2025,0,0,0,0,0,1,0,0,0,0,0,0,0,0,0,0,0,0,0,0,0,0,0,0,0,1,0,0,0,0,0,1,0,0,1,0,0,0,0,0,0,0,1
0,0.41884816753926707,4.0,0.9103448275862069,0.9512195121951219,0.7948717948717947,0.3636363636363633,1.0,6,0.8106995884773662,0.7785714285714287,1.0,0.06874999999999998,0.8050314465408804,0.24489795918367352,0.02857142857142858,0.07894736842105265,32250.0,0.9066666666666665,2.0,0,1,2,2025,0,0,0,0,0,0,1,0,0,0,0,0,0,0,0,0,0,0,0,0,0,0,0,0,0,0,1,0,0,0,0,1,0,0,0,0,0,0,0,0,1,0,0
0,0.29842931937172773,4.0,0.9103448275862069,0.9512195121951219,0.7948717948717947,0.3636363636363633,1.0,6,0.8106995884773662,0.7785714285714287,1.0,0.06874999999999998,0.8050314465408804,0.24489795918367352,0.02857142857142858,0.07894736842105265,35550.0,0.9066666666666665,2.0,0,1,2,2025,0,0,0,0,0,0,1,0,0,0,0,0,0,0,0,0,0,0,0,0,0,0,1,0,0,0,0,0,0,0,0,1,0,0,0,0,0,0,0,0,1,0,0
1,0.20418848167539266,2.0,0.22413793103448265,0.29268292682926855,0.3333333333333339,0.48181818181818237,0.15593483320403412,4,0.12345679012345678,0.34999999999999987,0.5142857142857142,0.125,0.12578616352201255,0.346938775510204,0.45714285714285713,0.39473684210526316,5195.0,0.25333333333333324,0.0,0,1,2,2025,0,0,0,0,0,0,0,1,0,0,0,0,0,0,0,0,0,0,0,0,0,0,0,0,0,1,0,0,0,0,1,0,0,0,1,0,0,1,0,0,0,0,0
1,0.20418848167539266,2.0,0.22413793103448265,0.29268292682926855,0.3333333333333339,0.48181818181818237,0.15981380915438326,4,0.12345679012345678,0.34999999999999987,0.5142857142857142,0.125,0.12578616352201255,0.346938775510204,0.4857142857142857,0.5789473684210527,6095.0,0.23225806451612913,0.0,0,1,2,2025,0,0,0,0,0,0,0,1,0,0,0,0,0,0,0,0,0,0,0,0,0,0,0,0,0,1,0,0,0,0,1,0,0,0,1,0,0,1,0,0,0,0,0
1,0.20418848167539266,2.0,0.22413793103448265,0.29268292682926855,0.3333333333333339,0.48181818181818237,0.16175329712955777,4,0.12345679012345678,0.34999999999999987,0.5142857142857142,0.125,0.12578616352201255,0.346938775510204,0.4857142857142857,0.5789473684210527,6795.0,0.23225806451612913,0.0,0,1,2,2025,0,0,0,0,0,0,0,1,0,0,0,0,0,0,0,0,0,0,0,0,0,0,0,0,0,1,0,0,0,0,1,0,0,0,1,0,0,1,0,0,0,0,0
1,0.2513089005235602,4.0,0.22413793103448265,0.4178861788617887,0.3333333333333339,0.48181818181818237,0.17726920093095422,4,0.12345679012345678,0.34999999999999987,0.5142857142857142,0.125,0.12578616352201255,0.346938775510204,0.4857142857142857,0.5789473684210527,6695.0,0.23225806451612913,0.0,0,1,2,2025,0,0,0,0,0,0,0,1,0,0,0,0,0,0,0,0,0,0,0,0,0,0,0,0,0,0,1,0,0,1,0,0,0,0,1,0,0,1,0,0,0,0,0
1,0.2513089005235602,4.0,0.22413793103448265,0.4178861788617887,0.3333333333333339,0.48181818181818237,0.17920868890612873,4,0.12345679012345678,0.3857142857142859,0.5142857142857142,0.125,0.12578616352201255,0.346938775510204,0.4857142857142857,0.5789473684210527,7395.0,0.23225806451612913,0.0,0,1,2,2025,0,0,0,0,0,0,0,1,0,0,0,0,0,0,0,0,0,0,0,0,0,0,0,0,0,0,1,0,0,0,1,0,0,0,1,0,0,1,0,0,0,0,0
1,0.3350785340314136,2.0,0.4206896551724135,0.5967479674796752,0.5299145299145307,0.4454545454545453,0.3479441427463149,4,0.25102880658436216,0.6071428571428574,0.6285714285714288,0.09999999999999998,0.2264150943396226,0.26530612244897966,0.3428571428571429,0.42105263157894735,8845.0,0.35384615384615375,0.0,0,1,2,2025,0,0,0,0,0,0,0,1,0,0,0,0,0,0,0,0,0,0,0,0,0,0,0,0,0,1,0,0,0,0,1,0,0,0,1,0,0,1,0,0,0,0,0
0,0.2617801047120419,4.0,0.4206896551724135,0.5967479674796752,0.5299145299145307,0.6090909090909093,0.3576415826221877,4,0.25102880658436216,0.6071428571428574,0.6285714285714288,0.09999999999999998,0.2264150943396226,0.26530612244897966,0.3428571428571429,0.42105263157894735,8495.0,0.35384615384615375,0.0,0,1,2,2025,0,0,0,0,0,0,0,1,0,0,0,0,0,0,0,0,0,0,0,0,0,0,0,0,0,0,1,0,0,0,1,0,0,0,1,0,0,1,0,0,0,0,0
1,0.3350785340314136,2.0,0.4206896551724135,0.5967479674796752,0.5299145299145307,0.4454545454545453,0.3479441427463149,4,0.25102880658436216,0.6071428571428574,0.6285714285714288,0.09999999999999998,0.2264150943396226,0.26530612244897966,0.3428571428571429,0.42105263157894735,10595.0,0.35384615384615375,0.0,0,1,2,2025,0,0,0,0,0,0,0,1,0,0,0,0,0,0,0,0,0,0,0,0,0,0,0,0,0,1,0,0,0,0,1,0,0,0,1,0,0,1,0,0,0,0,0
0,0.2617801047120419,4.0,0.4206896551724135,0.5967479674796752,0.5299145299145307,0.6090909090909093,0.3576415826221877,4,0.25102880658436216,0.6071428571428574,0.6285714285714288,0.09999999999999998,0.2264150943396226,0.26530612244897966,0.3428571428571429,0.42105263157894735,10245.0,0.35384615384615375,0.0,0,1,3,2025,0,0,0,0,0,0,0,1,0,0,0,0,0,0,0,0,0,0,0,0,0,0,0,0,0,0,1,0,0,0,1,0,0,0,1,0,0,1,0,0,0,0,0
0,0.29842931937172773,4.0,0.4206896551724135,0.5967479674796752,0.5299145299145307,0.6090909090909093,0.37044220325833976,4,0.25102880658436216,0.6071428571428574,0.6285714285714288,0.98125,0.10062893081761004,0.20408163265306123,0.6285714285714286,0.6842105263157894,10795.0,0.14444444444444454,0.0,1,0,3,2025,0,0,0,0,0,0,0,1,0,0,0,0,0,0,0,0,0,0,0,0,0,0,0,0,0,0,1,0,0,0,1,0,0,0,1,0,0,0,1,0,0,0,0
0,0.2617801047120419,4.0,0.4206896551724135,0.5967479674796752,0.5299145299145307,0.6090909090909093,0.36346004654771136,4,0.25102880658436216,0.6071428571428574,0.6285714285714288,0.09999999999999998,0.2264150943396226,0.26530612244897966,0.3428571428571429,0.42105263157894735,11245.0,0.35384615384615375,0.0,0,1,3,2025,0,0,0,0,0,0,0,1,0,0,0,0,0,0,0,0,0,0,0,0,0,0,0,0,0,1,0,0,0,0,1,0,0,0,1,0,0,1,0,0,0,0,0
0,0.27748691099476436,4.0,0.6310344827586207,0.551219512195122,0.49572649572649663,0.5090909090909088,0.45849495733126444,4,0.32510288065843623,0.8714285714285712,0.5190476190476192,0.0625,0.4528301886792453,0.346938775510204,0.14285714285714285,0.2894736842105263,18280.0,0.6315789473684212,1.0,0,1,3,2025,0,0,0,0,0,0,0,1,0,0,0,0,0,0,0,0,0,0,0,0,0,0,0,0,0,0,1,0,0,0,0,1,0,0,1,0,0,0,0,0,1,0,0
0,0.29842931937172773,4.0,0.6310344827586207,0.551219512195122,0.49572649572649663,0.5090909090909088,0.47013188518231197,4,0.3004115226337449,0.6357142857142859,0.7476190476190478,0.9375,0.15094339622641506,0.020408163265306145,0.4857142857142857,0.6052631578947367,18344.0,0.23225806451612913,0.0,1,0,3,2025,0,0,0,0,0,0,0,1,0,0,0,0,0,0,0,0,0,0,0,0,0,0,0,0,0,0,1,0,0,0,0,1,0,0,1,0,0,0,1,0,0,0,0
-1,0.14659685863874344,4.0,0.806896551724138,0.8097560975609759,0.8547008547008543,0.7000000000000002,0.7862684251357641,5,0.5020576131687242,0.7428571428571431,0.7476190476190478,0.90625,0.4716981132075472,0.08163265306122436,0.2285714285714286,0.23684210526315785,25552.0,0.490909090909091,1.0,1,0,3,2025,0,0,0,0,0,0,0,0,1,0,0,0,0,0,0,0,0,0,0,0,0,1,0,0,0,0,1,0,0,0,0,1,0,0,1,0,0,0,1,0,0,0,0
-1,0.14659685863874344,4.0,0.806896551724138,0.8097560975609759,0.8547008547008543,0.9000000000000004,0.8774243599689682,5,0.5020576131687242,0.7428571428571431,0.7476190476190478,0.90625,0.4716981132075472,0.08163265306122436,0.2285714285714286,0.23684210526315785,28248.0,0.490909090909091,1.0,1,0,7,2025,0,0,0,0,0,0,0,0,1,0,0,0,0,0,0,0,0,0,0,0,0,1,0,0,0,0,0,1,0,0,0,1,0,0,1,0,0,0,0,0,1,0,0
0,0.14659685863874344,2.0,0.693103448275862,0.7544715447154466,0.8547008547008543,0.5545454545454547,0.7785104732350658,5,0.5020576131687242,0.7428571428571431,0.7476190476190478,0.90625,0.4716981132075472,0.08163265306122436,0.2285714285714286,0.23684210526315785,28176.0,0.490909090909091,1.0,1,0,3,2025,0,0,0,0,0,0,0,0,1,0,0,0,0,0,0,0,0,0,0,0,0,1,0,0,1,0,0,0,0,0,0,1,0,0,1,0,0,0,1,0,0,0,0
-1,0.14659685863874344,4.0,0.9999999999999996,1.0,0.9743589743589736,0.6818181818181817,0.8851823118696664,5,0.5020576131687242,0.7428571428571431,0.7476190476190478,0.90625,0.4716981132075472,0.08163265306122436,0.2285714285714286,0.23684210526315785,31600.0,0.490909090909091,1.0,1,0,3,2025,0,0,0,0,0,0,0,0,1,0,0,0,0,0,0,0,0,0,0,0,0,1,0,0,0,0,1,0,0,0,0,1,0,0,1,0,0,0,1,0,0,0,0
-1,0.29842931937172773,4.0,0.9999999999999996,1.0,0.9743589743589736,0.7000000000000002,0.8735453840186191,8,0.7119341563786008,0.6571428571428573,0.4904761904761905,0.08125000000000004,0.6729559748427673,0.24489795918367352,0.05714285714285716,0.05263157894736842,34184.0,0.8250000000000002,1.0,0,1,3,2025,0,0,0,0,0,0,0,0,1,0,0,0,0,0,0,0,0,0,0,0,0,0,0,0,0,0,1,0,0,0,0,1,0,0,0,0,1,0,0,0,1,0,0
3,0.4031413612565445,2.0,0.34482758620689635,0.6373983739837401,0.8717948717948714,0.18181818181818166,0.8522110162916989,8,0.7119341563786008,0.6571428571428573,0.4904761904761905,0.08125000000000004,0.6729559748427673,0.24489795918367352,0.05714285714285716,0.05263157894736842,35056.0,0.8250000000000002,1.0,0,1,11,2025,0,0,0,0,0,0,0,0,1,0,0,0,0,0,0,0,0,0,0,0,0,0,0,1,0,0,0,0,0,0,0,1,0,0,0,0,1,0,0,0,1,0,0
1,0.29842931937172773,2.0,0.875862068965517,0.9447154471544712,1.0,0.5999999999999996,0.8638479441427462,8,1.0,0.9000000000000001,0.6095238095238096,0.0625,0.8553459119496855,0.1428571428571428,0.0,0.0,45400.0,1.0,2.0,0,1,3,2025,0,0,0,0,0,0,0,0,1,0,0,0,0,0,0,0,0,0,0,0,0,0,0,0,1,0,0,0,0,0,0,1,0,0,0,0,1,0,0,0,1,0,0
1,0.29842931937172773,2.0,0.5551724137931036,0.6065040650406504,0.6581196581196584,0.545454545454545,0.5515903801396431,4,0.32510288065843623,0.8857142857142855,0.5000000000000002,0.0625,0.7987421383647798,0.346938775510204,0.14285714285714285,0.21052631578947367,16503.0,0.6315789473684212,2.0,0,1,3,2025,0,0,0,0,0,0,0,0,0,1,0,0,0,0,0,0,0,0,0,0,0,1,0,0,0,1,0,0,0,0,0,1,0,0,1,0,0,0,0,0,1,0,0
2,0.5026178010471205,2.0,0.2448275862068967,0.2634146341463417,0.35042735042735096,0.18181818181818166,0.16679596586501166,4,0.12757201646090538,0.30714285714285716,0.5523809523809524,0.15000000000000002,0.12578616352201255,0.5510204081632655,0.6571428571428573,0.6578947368421053,5389.0,0.1297297297297299,0.0,0,1,3,2025,0,0,0,0,0,0,0,0,0,0,1,0,0,0,0,0,0,0,0,0,0,0,0,0,0,1,0,0,0,0,1,0,0,0,1,0,0,1,0,0,0,0,0
2,0.5026178010471205,2.0,0.2448275862068967,0.2634146341463417,0.35042735042735096,0.18181818181818166,0.17688130333591934,4,0.12757201646090538,0.30714285714285716,0.5523809523809524,0.15000000000000002,0.12578616352201255,0.5510204081632655,0.4857142857142857,0.5789473684210527,6189.0,0.23225806451612913,0.0,0,1,3,2025,0,0,0,0,0,0,0,0,0,0,1,0,0,0,0,0,0,0,0,0,0,0,0,0,0,1,0,0,0,0,1,0,0,0,1,0,0,1,0,0,0,0,0
2,0.5026178010471205,2.0,0.2448275862068967,0.2634146341463417,0.35042735042735096,0.18181818181818166,0.20015515903801395,4,0.12757201646090538,0.30714285714285716,0.5523809523809524,0.15000000000000002,0.12578616352201255,0.5510204081632655,0.4857142857142857,0.5789473684210527,6669.0,0.23225806451612913,0.0,0,1,3,2025,0,1,0,0,0,0,0,0,0,0,0,0,0,0,0,0,0,0,0,0,0,0,0,0,0,1,0,0,0,0,1,0,0,0,1,0,0,1,0,0,0,0,0
1,0.5026178010471205,2.0,0.2206896551724138,0.2634146341463417,0.29914529914529897,0.18181818181818166,0.25484871993793634,4,0.15226337448559674,0.34999999999999987,0.6285714285714288,0.03749999999999998,0.339622641509434,0.5510204081632655,0.28571428571428575,0.368421052631579,7689.0,0.4166666666666667,1.0,0,1,3,2025,0,0,0,0,0,0,0,0,0,0,1,0,0,0,0,0,0,0,0,0,0,1,0,0,0,1,0,0,0,0,1,0,0,0,1,0,0,0,0,0,0,1,0
3,0.4607329842931937,2.0,0.3344827586206893,0.5186991869918698,0.435897435897437,0.054545454545454675,0.34212567882079126,4,0.20164609053497945,0.44999999999999996,0.661904761904762,0.03125,0.4276729559748428,0.5510204081632655,0.2571428571428572,0.368421052631579,9959.0,0.45217391304347837,1.0,0,1,3,2025,0,0,0,0,0,0,0,0,0,0,1,0,0,0,0,0,0,0,0,0,0,1,0,0,0,1,0,0,0,0,1,0,0,0,1,0,0,0,0,0,0,1,0
3,0.4607329842931937,2.0,0.3344827586206893,0.5186991869918698,0.435897435897437,0.054545454545454675,0.32583397982932505,4,0.25102880658436216,0.5785714285714285,0.661904761904762,0.09375,0.2515723270440251,0.346938775510204,0.31428571428571433,0.42105263157894735,8499.0,0.38400000000000006,0.0,0,1,3,2025,0,0,0,0,0,0,0,0,0,0,1,0,0,0,0,0,0,0,0,0,0,0,0,0,0,1,0,0,0,0,1,0,0,0,1,0,0,1,0,0,0,0,0
3,0.29842931937172773,2.0,0.3206896551724139,0.5219512195121947,0.5128205128205119,0.12727272727272787,0.5217222653219551,4,0.3909465020576132,0.7428571428571431,0.8523809523809525,0.0,0.610062893081761,0.346938775510204,0.14285714285714285,0.21052631578947367,12629.0,0.6315789473684212,1.0,0,1,3,2025,0,0,0,0,0,0,0,0,0,0,1,0,0,0,0,0,0,0,0,0,0,1,0,0,0,1,0,0,0,0,1,0,0,0,1,0,0,0,0,0,0,1,0
3,0.29842931937172773,2.0,0.3206896551724139,0.5219512195121947,0.5128205128205119,0.12727272727272787,0.5577967416602017,4,0.3909465020576132,0.7499999999999998,0.8523809523809525,0.0,0.610062893081761,0.346938775510204,0.14285714285714285,0.21052631578947367,14489.0,0.6315789473684212,1.0,0,1,3,2025,0,0,0,0,0,0,0,0,0,0,1,0,0,0,0,0,0,0,0,0,0,1,0,0,0,1,0,0,0,0,1,0,0,0,1,0,0,0,0,0,0,1,0
1,0.3141361256544503,4.0,0.3344827586206893,0.5089430894308946,0.435897435897437,0.25454545454545485,0.34018619084561674,4,0.25102880658436216,0.5785714285714285,0.661904761904762,0.09375,0.2515723270440251,0.346938775510204,0.31428571428571433,0.42105263157894735,6989.0,0.38400000000000006,0.0,0,1,3,2025,0,0,0,0,0,0,0,0,0,0,1,0,0,0,0,0,0,0,0,0,0,0,0,0,0,0,1,0,0,0,1,0,0,0,1,0,0,1,0,0,0,0,0
1,0.3141361256544503,4.0,0.3344827586206893,0.5089430894308946,0.435897435897437,0.25454545454545485,0.3557020946470132,4,0.25102880658436216,0.5785714285714285,0.661904761904762,0.09375,0.2515723270440251,0.346938775510204,0.31428571428571433,0.42105263157894735,8189.0,0.38400000000000006,0.0,0,1,3,2025,0,0,0,0,0,0,0,0,0,0,1,0,0,0,0,0,0,0,0,0,0,0,0,0,0,0,1,0,0,0,1,0,0,0,1,0,0,1,0,0,0,0,0
1,0.3141361256544503,4.0,0.3344827586206893,0.5089430894308946,0.435897435897437,0.25454545454545485,0.3549262994569433,4,0.20164609053497945,0.44999999999999996,0.661904761904762,0.03125,0.4276729559748428,0.5510204081632655,0.2571428571428572,0.368421052631579,9279.0,0.45217391304347837,1.0,0,1,3,2025,0,0,0,0,0,0,0,0,0,0,1,0,0,0,0,0,0,0,0,0,0,1,0,0,0,0,1,0,0,0,1,0,0,0,1,0,0,0,0,0,0,1,0
-1,0.3769633507853403,4.0,0.3344827586206893,0.5089430894308946,0.435897435897437,0.25454545454545485,0.3549262994569433,4,0.20164609053497945,0.44999999999999996,0.661904761904762,0.03125,0.4276729559748428,0.5510204081632655,0.2571428571428572,0.368421052631579,9279.0,0.45217391304347837,1.0,0,1,3,2025,0,0,0,0,0,0,0,0,0,0,1,0,0,0,0,0,0,0,0,0,0,0,0,0,0,0,1,0,0,0,1,0,0,0,1,0,0,0,0,0,0,1,0
1,0.3298429319371728,2.0,0.27241379310344804,0.3934959349593501,0.29914529914529897,0.5181818181818185,0.15554693560899924,4,0.14814814814814814,0.4357142857142857,0.5809523809523811,0.15000000000000002,0.13207547169811318,0.4285714285714286,0.4857142857142857,0.5526315789473684,5499.0,0.23225806451612913,0.0,0,1,3,2025,0,0,0,0,0,0,0,0,0,0,0,1,0,0,0,0,0,0,0,0,0,0,0,0,0,0,1,0,0,0,1,0,0,0,1,0,0,1,0,0,0,0,0
1,0.3298429319371728,2.0,0.27241379310344804,0.3934959349593501,0.29914529914529897,0.5181818181818185,0.20519782777346784,4,0.1728395061728395,0.32142857142857184,0.6666666666666667,0.9312499999999999,0.04402515723270439,0.26530612244897966,0.8857142857142857,0.894736842105263,7099.0,0.03555555555555556,0.0,1,0,3,2025,0,0,0,0,0,0,0,0,0,0,0,1,0,0,0,0,0,0,0,0,0,0,0,0,0,0,1,0,0,0,1,0,0,0,1,0,0,0,1,0,0,0,0
1,0.3298429319371728,2.0,0.27241379310344804,0.3934959349593501,0.29914529914529897,0.5181818181818185,0.16679596586501166,4,0.14814814814814814,0.4357142857142857,0.5809523809523811,0.15000000000000002,0.13207547169811318,0.4285714285714286,0.4857142857142857,0.5526315789473684,6649.0,0.23225806451612913,0.0,0,1,3,2025,0,0,0,0,0,0,0,0,0,0,0,1,0,0,0,0,0,0,0,0,0,0,0,0,0,0,1,0,0,0,1,0,0,0,1,0,0,1,0,0,0,0,0
1,0.29842931937172773,4.0,0.27241379310344804,0.3934959349593501,0.29914529914529897,0.5181818181818185,0.17455391776570983,4,0.14814814814814814,0.4357142857142857,0.5809523809523811,0.15000000000000002,0.13207547169811318,0.4285714285714286,0.4857142857142857,0.5526315789473684,6849.0,0.23225806451612913,0.0,0,1,3,2025,0,0,0,0,0,0,0,0,0,0,0,1,0,0,0,0,0,0,0,0,0,0,0,0,0,0,1,0,0,0,1,0,0,0,1,0,0,1,0,0,0,0,0
1,0.19895287958115188,4.0,0.27241379310344804,0.47317073170731705,0.29914529914529897,0.4272727272727277,0.20791311093871212,4,0.14814814814814814,0.4357142857142857,0.5809523809523811,0.15000000000000002,0.13207547169811318,0.4285714285714286,0.4857142857142857,0.5526315789473684,7349.0,0.23225806451612913,0.0,0,1,4,2025,0,0,0,0,0,0,0,0,0,0,0,1,0,0,0,0,0,0,0,0,0,0,0,0,0,1,0,0,0,0,1,0,0,0,1,0,0,1,0,0,0,0,0
1,0.3298429319371728,2.0,0.27241379310344804,0.3934959349593501,0.29914529914529897,0.5181818181818185,0.17959658650116372,4,0.14814814814814814,0.4357142857142857,0.5809523809523811,0.15000000000000002,0.13207547169811318,0.4285714285714286,0.4857142857142857,0.5526315789473684,7299.0,0.23225806451612913,0.0,0,1,4,2025,0,0,0,0,0,0,0,0,0,0,0,1,0,0,0,0,0,0,0,0,0,0,0,0,0,0,1,0,0,0,1,0,0,0,1,0,0,1,0,0,0,0,0
1,0.3298429319371728,2.0,0.27241379310344804,0.39837398373983746,0.29914529914529897,0.40909090909090917,0.20946470131885186,4,0.14814814814814814,0.4357142857142857,0.5809523809523811,0.15000000000000002,0.13207547169811318,0.4285714285714286,0.4857142857142857,0.5526315789473684,7799.0,0.23225806451612913,0.0,0,1,4,2025,0,0,0,0,0,0,0,0,0,0,0,1,0,0,0,0,0,0,0,0,0,0,0,0,0,1,0,0,0,0,1,0,0,0,1,0,0,1,0,0,0,0,0
1,0.29842931937172773,4.0,0.27241379310344804,0.3934959349593501,0.29914529914529897,0.5181818181818185,0.1873545384018619,4,0.14814814814814814,0.4357142857142857,0.5809523809523811,0.15000000000000002,0.13207547169811318,0.4285714285714286,0.4857142857142857,0.5526315789473684,7499.0,0.23225806451612913,0.0,0,1,4,2025,0,0,0,0,0,0,0,0,0,0,0,1,0,0,0,0,0,0,0,0,0,0,0,0,0,0,1,0,0,0,1,0,0,0,1,0,0,1,0,0,0,0,0
1,0.19895287958115188,4.0,0.27241379310344804,0.47317073170731705,0.29914529914529897,0.4272727272727277,0.212955779674166,4,0.14814814814814814,0.4357142857142857,0.5809523809523811,0.15000000000000002,0.13207547169811318,0.4285714285714286,0.4857142857142857,0.5526315789473684,7999.0,0.23225806451612913,0.0,0,1,4,2025,0,0,0,0,0,0,0,0,0,0,0,1,0,0,0,0,0,0,0,0,0,0,0,0,0,0,0,1,0,0,1,0,0,0,1,0,0,1,0,0,0,0,0
2,0.5392670157068062,2.0,0.29310344827586166,0.34634146341463445,0.29914529914529897,0.40909090909090917,0.20170674941815359,4,0.14814814814814814,0.4357142857142857,0.5809523809523811,0.15000000000000002,0.13207547169811318,0.4285714285714286,0.4857142857142857,0.5526315789473684,8249.0,0.23225806451612913,0.0,0,1,4,2025,0,0,0,0,0,0,0,0,0,0,0,1,0,0,0,0,0,0,0,0,0,0,0,0,1,0,0,0,0,0,1,0,0,0,1,0,0,1,0,0,0,0,0
0,0.21465968586387435,4.0,0.3655172413793104,0.5252032520325205,0.4188034188034191,0.536363636363637,0.3242823894491854,4,0.24279835390946503,0.5642857142857143,0.6666666666666667,0.09375,0.30817610062893086,0.4285714285714286,0.3714285714285714,0.4736842105263157,8949.0,0.325925925925926,0.0,0,1,4,2025,0,0,0,0,0,0,0,0,0,0,0,1,0,0,0,0,0,0,0,0,0,0,0,0,0,1,0,0,0,0,1,0,0,0,1,0,0,1,0,0,0,0,0
0,0.21465968586387435,4.0,0.3655172413793104,0.5252032520325205,0.4188034188034191,0.536363636363637,0.3157486423584174,4,0.24279835390946503,0.5642857142857143,0.6666666666666667,0.09375,0.30817610062893086,0.4285714285714286,0.3714285714285714,0.4736842105263157,9549.0,0.325925925925926,0.0,0,1,8,2025,0,0,0,0,0,0,0,0,0,0,0,1,0,0,0,0,0,0,0,0,0,0,0,0,0,0,1,0,0,0,1,0,0,0,1,0,0,1,0,0,0,0,0
0,0.3298429319371728,4.0,0.4758620689655175,0.6601626016260163,0.5299145299145307,0.5727272727272732,0.6233514352211016,6,0.4938271604938272,0.6357142857142859,0.5714285714285716,0.125,0.6540880503144654,0.4285714285714286,0.08571428571428574,0.1578947368421053,13499.0,0.7529411764705887,1.0,0,1,4,2025,0,0,0,0,0,0,0,0,0,0,0,1,0,0,0,0,0,0,0,0,0,0,0,0,0,0,1,0,0,0,1,0,0,0,0,0,1,0,0,0,1,0,0
0,0.22513089005235604,4.0,0.4758620689655175,0.7073170731707319,0.5299145299145307,0.663636363636364,0.7013188518231186,6,0.4938271604938272,0.6357142857142859,0.5714285714285716,0.125,0.6540880503144654,0.4285714285714286,0.08571428571428574,0.1578947368421053,14399.0,0.7529411764705887,1.0,0,1,4,2025,0,0,0,0,0,0,0,0,0,0,0,1,0,0,0,0,0,0,0,0,0,0,0,0,0,0,0,1,0,0,1,0,0,0,0,0,1,0,0,0,1,0,0
3,0.675392670157068,2.0,0.16206896551724137,0.4813008130081302,0.6495726495726499,0.08181818181818201,0.6140418929402638,6,0.4938271604938272,0.6357142857142859,0.5714285714285716,0.125,0.7044025157232704,0.4285714285714286,0.14285714285714285,0.23684210526315785,17199.0,0.6315789473684212,2.0,0,1,12,2025,0,0,0,0,0,0,0,0,0,0,0,1,0,0,0,0,0,0,0,0,0,0,0,0,0,1,0,0,0,0,0,1,0,0,0,0,1,0,0,0,1,0,0
3,0.675392670157068,2.0,0.16206896551724137,0.4813008130081302,0.6495726495726499,0.08181818181818201,0.6404189294026377,6,0.4938271604938272,0.6357142857142859,0.5714285714285716,0.04999999999999999,0.9559748427672957,0.4285714285714286,0.08571428571428574,0.1842105263157895,19699.0,0.7529411764705887,2.0,0,1,4,2025,0,0,0,0,0,0,0,0,0,0,0,1,0,0,0,0,0,0,0,0,0,1,0,0,0,1,0,0,0,0,0,1,0,0,0,0,1,0,0,0,1,0,0
1,0.869109947643979,2.0,0.43448275862068986,0.6081300813008137,0.6495726495726499,0.08181818181818201,0.6404189294026377,6,0.4938271604938272,0.6357142857142859,0.5714285714285716,0.125,0.7044025157232704,0.4285714285714286,0.14285714285714285,0.23684210526315785,18399.0,0.6315789473684212,2.0,0,1,4,2025,0,0,0,0,0,0,0,0,0,0,0,1,0,0,0,0,0,0,0,0,0,0,0,0,0,1,0,0,0,0,0,1,0,0,0,0,1,0,0,0,1,0,0
0,0.5026178010471205,4.0,0.7344827586206897,0.7414634146341461,0.6923076923076925,0.7181818181818187,0.5942591155934833,4,0.24279835390946503,0.6571428571428573,0.5333333333333334,0.08750000000000002,0.30817610062893086,0.346938775510204,0.14285714285714285,0.21052631578947367,11900.0,0.6315789473684212,0.0,0,1,4,2025,0,0,0,0,0,0,0,0,0,0,0,0,1,0,0,0,0,0,0,0,0,0,0,0,0,0,1,0,0,0,0,1,0,1,0,0,0,0,0,0,1,0,0
0,0.5026178010471205,4.0,0.7344827586206897,0.7414634146341461,0.6923076923076925,0.7181818181818187,0.6629169899146625,4,0.37448559670781895,0.828571428571429,0.6904761904761905,0.875,0.2955974842767295,0.0,0.39999999999999997,0.4473684210526315,13200.0,0.3,0.0,1,0,4,2025,0,0,0,0,0,0,0,0,0,0,0,0,1,0,0,0,0,0,0,0,0,1,0,0,0,0,1,0,0,0,0,1,0,1,0,0,0,0,1,0,0,0,0
0,0.29842931937172773,4.0,0.9517241379310346,0.9398373983739838,0.6923076923076925,0.9000000000000004,0.6757176105508145,4,0.24279835390946503,0.6571428571428573,0.5333333333333334,0.08750000000000002,0.30817610062893086,0.346938775510204,0.14285714285714285,0.21052631578947367,12440.0,0.6315789473684212,0.0,0,1,4,2025,0,0,0,0,0,0,0,0,0,0,0,0,1,0,0,0,0,0,0,0,0,0,0,0,0,0,0,1,0,0,0,1,0,1,0,0,0,0,0,0,1,0,0
0,0.29842931937172773,4.0,0.9517241379310346,0.9398373983739838,0.6923076923076925,0.9000000000000004,0.7532971295577968,4,0.37448559670781895,0.828571428571429,0.6904761904761905,0.875,0.2955974842767295,0.0,0.31428571428571433,0.23684210526315785,13860.0,0.38400000000000006,0.0,1,0,4,2025,0,0,0,0,0,0,0,0,0,0,0,0,1,0,0,0,0,0,0,0,0,1,0,0,0,0,0,1,0,0,0,1,0,1,0,0,0,0,1,0,0,0,0
0,0.5026178010471205,4.0,0.7344827586206897,0.7414634146341461,0.6923076923076925,0.7181818181818187,0.6155934833204033,4,0.24279835390946503,0.6571428571428573,0.05714285714285716,0.08750000000000002,0.2955974842767295,0.346938775510204,0.14285714285714285,0.21052631578947367,15580.0,0.6315789473684212,0.0,0,1,4,2025,0,0,0,0,0,0,0,0,0,0,0,0,1,0,0,0,0,0,0,0,0,0,0,0,0,0,1,0,0,0,0,1,0,1,0,0,0,0,0,0,1,0,0
0,0.5026178010471205,4.0,0.7344827586206897,0.7414634146341461,0.6923076923076925,0.7181818181818187,0.6842513576415825,4,0.37448559670781895,0.828571428571429,0.6904761904761905,0.875,0.2955974842767295,0.0,0.39999999999999997,0.4473684210526315,16900.0,0.3,0.0,1,0,4,2025,0,0,0,0,0,0,0,0,0,0,0,0,1,0,0,0,0,0,0,0,0,1,0,0,0,0,1,0,0,0,0,1,0,1,0,0,0,0,1,0,0,0,0
0,0.29842931937172773,4.0,0.9517241379310346,0.9398373983739838,0.6923076923076925,0.7181818181818187,0.6970519782777347,4,0.24279835390946503,0.6571428571428573,0.05714285714285716,0.08750000000000002,0.2955974842767295,0.346938775510204,0.14285714285714285,0.21052631578947367,16695.0,0.6315789473684212,0.0,0,1,4,2025,0,0,0,0,0,0,0,0,0,0,0,0,0,0,0,0,0,0,1,0,0,0,0,0,0,0,0,1,0,0,0,1,0,1,0,0,0,0,0,0,1,0,0
0,0.29842931937172773,4.0,0.9517241379310346,0.9398373983739838,0.6923076923076925,0.9000000000000004,0.7746314972847168,4,0.37448559670781895,0.828571428571429,0.6904761904761905,0.875,0.2955974842767295,0.0,0.31428571428571433,0.23684210526315785,17075.0,0.38400000000000006,0.0,1,0,4,2025,0,0,0,0,0,0,0,0,0,0,0,0,1,0,0,0,0,0,0,0,0,1,0,0,0,0,0,1,0,0,0,1,0,1,0,0,0,0,1,0,0,0,0
0,0.5026178010471205,4.0,0.7344827586206897,0.7414634146341461,0.6923076923076925,0.7181818181818187,0.6155934833204033,4,0.24279835390946503,0.6571428571428573,0.5333333333333334,0.08750000000000002,0.30817610062893086,0.346938775510204,0.14285714285714285,0.21052631578947367,16630.0,0.6315789473684212,0.0,0,1,4,2025,0,0,0,0,0,0,0,0,0,0,0,0,1,0,0,0,0,0,0,0,0,0,0,0,0,0,1,0,0,0,0,1,0,1,0,0,0,0,0,0,1,0,0
0,0.5026178010471205,4.0,0.7344827586206897,0.7414634146341461,0.6923076923076925,0.7181818181818187,0.6842513576415825,4,0.37448559670781895,0.828571428571429,0.6904761904761905,0.875,0.2955974842767295,0.0,0.39999999999999997,0.4473684210526315,17950.0,0.3,0.0,1,0,4,2025,0,0,0,0,0,0,0,0,0,0,0,0,1,0,0,0,0,0,0,0,0,1,0,0,0,0,1,0,0,0,0,1,0,1,0,0,0,0,1,0,0,0,0
0,0.5026178010471205,4.0,0.7379310344827585,0.7414634146341461,0.683760683760684,0.6545454545454543,0.6369278510473235,4,0.3004115226337449,0.7642857142857145,0.5428571428571429,0.0,0.5911949685534591,0.5918367346938773,0.11428571428571427,0.21052631578947367,18150.0,0.6888888888888891,1.0,0,1,4,2025,0,0,0,0,0,0,0,0,0,0,0,0,1,0,0,0,0,0,0,0,0,1,0,0,0,0,1,0,0,0,0,1,0,1,0,0,0,0,0,0,1,0,0
1,0.28272251308900526,2.0,0.2448275862068967,0.2634146341463417,0.29914529914529897,0.18181818181818166,0.16679596586501166,4,0.11934156378600824,0.30714285714285716,0.5523809523809524,0.15000000000000002,0.12578616352201255,0.5510204081632655,0.6571428571428573,0.6578947368421053,5572.0,0.1297297297297299,0.0,0,1,4,2025,0,0,0,0,0,0,0,0,0,0,0,0,0,1,0,0,0,0,0,0,0,0,0,0,0,1,0,0,0,0,1,0,0,0,1,0,0,1,0,0,0,0,0
1,0.28272251308900526,2.0,0.2448275862068967,0.2634146341463417,0.29914529914529897,0.18181818181818166,0.24825446082234293,4,0.15226337448559674,0.34999999999999987,0.6285714285714288,0.03749999999999998,0.339622641509434,0.5510204081632655,0.28571428571428575,0.368421052631579,7957.0,0.4166666666666667,1.0,0,1,4,2025,0,0,0,0,0,0,0,0,0,0,0,0,0,1,0,0,0,0,0,0,0,1,0,0,0,1,0,0,0,0,1,0,0,0,1,0,0,0,0,0,0,1,0
1,0.4659685863874346,4.0,0.2448275862068967,0.2634146341463417,0.29914529914529897,0.16363636363636402,0.18580294802172226,4,0.11934156378600824,0.30714285714285716,0.5523809523809524,0.15000000000000002,0.12578616352201255,0.5510204081632655,0.4857142857142857,0.5789473684210527,6229.0,0.23225806451612913,0.0,0,1,4,2025,0,0,0,0,0,0,0,0,0,0,0,0,0,1,0,0,0,0,0,0,0,0,0,0,0,1,0,0,0,0,1,0,0,0,1,0,0,1,0,0,0,0,0
1,0.4659685863874346,4.0,0.2448275862068967,0.42601626016260186,0.29914529914529897,0.18181818181818166,0.1943366951124903,4,0.11934156378600824,0.30714285714285716,0.5523809523809524,0.15000000000000002,0.12578616352201255,0.5510204081632655,0.4857142857142857,0.5789473684210527,6692.0,0.23225806451612913,0.0,0,1,4,2025,0,0,0,0,0,0,0,0,0,0,0,0,0,1,0,0,0,0,0,0,0,0,0,0,0,0,1,0,0,0,1,0,0,0,1,0,0,1,0,0,0,0,0
1,0.4659685863874346,4.0,0.2448275862068967,0.42601626016260186,0.29914529914529897,0.18181818181818166,0.2726920093095423,4,0.15226337448559674,0.30714285714285716,0.5523809523809524,0.15000000000000002,0.12578616352201255,0.5510204081632655,0.4857142857142857,0.5789473684210527,7609.0,0.23225806451612913,0.0,0,1,4,2025,0,0,0,0,0,0,0,0,0,0,0,0,0,1,0,0,0,0,0,0,0,0,0,0,0,0,1,0,0,0,1,0,0,0,1,0,0,1,0,0,0,0,0
3,0.29842931937172773,2.0,0.3206896551724139,0.5219512195121947,0.5128205128205119,0.12727272727272787,0.5159038013964314,4,0.3909465020576132,0.7499999999999998,0.8523809523809525,0.0,0.610062893081761,0.346938775510204,0.14285714285714285,0.21052631578947367,12764.0,0.6315789473684212,1.0,0,1,2,2025,0,0,0,0,0,0,0,0,0,0,0,0,0,1,0,0,0,0,0,0,0,1,0,0,0,1,0,0,0,0,0,1,0,0,1,0,0,0,0,0,0,1,0
3,0.6335078534031413,2.0,0.27241379310344804,0.45203252032520336,0.683760683760684,0.12727272727272787,0.5003878975950349,4,0.3703703703703704,1.0000000000000002,0.49523809523809526,0.15625,0.5974842767295597,0.5510204081632655,0.14285714285714285,0.2894736842105263,22018.0,0.6315789473684212,1.0,0,1,5,2025,0,0,0,0,0,0,0,0,0,0,0,0,0,0,1,0,0,0,0,0,0,0,0,0,0,1,0,0,0,0,0,1,0,0,1,0,0,0,0,0,1,0,0
3,0.29842931937172773,2.0,0.10000000000000009,0.45203252032520336,0.40170940170940206,0.25454545454545485,0.49185415050426684,6,0.5473251028806585,0.8571428571428574,0.3952380952380954,0.15625,1.0,0.7142857142857142,0.08571428571428574,0.23684210526315785,32528.0,0.7529411764705887,2.0,0,1,5,2025,0,0,0,0,0,0,0,0,0,0,0,0,0,0,1,0,0,0,0,0,0,0,0,0,1,0,0,0,0,0,0,1,1,0,0,1,0,0,0,0,1,0,0
3,0.29842931937172773,2.0,0.10000000000000009,0.45203252032520336,0.40170940170940206,0.25454545454545485,0.49185415050426684,6,0.5473251028806585,0.8571428571428574,0.3952380952380954,0.15625,1.0,0.7142857142857142,0.08571428571428574,0.23684210526315785,34028.0,0.7529411764705887,2.0,0,1,5,2025,0,0,0,0,0,0,0,0,0,0,0,0,0,0,1,0,0,0,0,0,0,0,0,0,1,0,0,0,0,0,0,1,1,0,0,1,0,0,0,0,1,0,0
3,0.29842931937172773,2.0,0.10000000000000009,0.45203252032520336,0.40170940170940206,0.25454545454545485,0.5089216446858029,6,0.5473251028806585,0.8571428571428574,0.3952380952380954,0.15625,1.0,0.7142857142857142,0.08571428571428574,0.23684210526315785,37028.0,0.7529411764705887,2.0,0,1,6,2025,0,0,0,0,0,0,0,0,0,0,0,0,0,0,1,0,0,0,0,0,0,0,0,1,0,0,0,0,0,0,0,1,1,0,0,1,0,0,0,0,1,0,0
0,0.29842931937172773,4.0,0.3275862068965516,0.6569105691056913,0.5299145299145307,0.581818181818182,0.42319627618308764,4,0.2921810699588478,0.6571428571428573,0.8714285714285714,0.10624999999999996,0.35381231217275466,0.3981099829094197,0.2571428571428572,0.39473684210526316,9295.0,0.45217391304347837,1.0,0,1,5,2025,0,0,0,0,0,0,0,0,0,0,0,0,0,0,0,1,0,0,0,0,0,0,0,0,0,0,0,1,0,0,1,0,0,0,1,0,0,0,0,0,1,0,0
2,0.29842931937172773,2.0,0.3275862068965516,0.5804878048780489,0.5384615384615392,0.15454545454545432,0.3770364623739333,4,0.2921810699588478,0.6571428571428573,0.8714285714285714,0.10624999999999996,0.35381231217275466,0.3981099829094197,0.2571428571428572,0.39473684210526316,9895.0,0.45217391304347837,1.0,0,1,5,2025,0,0,0,0,0,0,0,0,0,0,0,0,0,0,0,1,0,0,0,0,0,0,0,0,0,1,0,0,0,0,1,0,0,0,1,0,0,0,0,0,1,0,0
3,0.44502617801047123,2.0,0.43103448275862055,0.7398373983739837,0.5299145299145307,0.663636363636364,0.45384018619084565,4,0.24691358024691362,0.7142857142857142,0.4761904761904763,0.14437500000000003,0.389937106918239,0.4489795918367345,0.2,0.3157894736842105,11850.0,0.5333333333333332,1.0,0,1,5,2025,0,0,0,0,0,0,0,0,0,0,0,0,0,0,0,0,1,0,0,0,0,0,0,0,0,1,0,0,0,0,1,0,0,0,1,0,0,0,0,0,1,0,0
2,0.20418848167539266,4.0,0.43103448275862055,0.7398373983739837,0.5299145299145307,0.663636363636364,0.46819239720713735,4,0.24691358024691362,0.7142857142857142,0.4761904761904763,0.14375000000000004,0.389937106918239,0.4489795918367345,0.2,0.3157894736842105,12170.0,0.5333333333333332,1.0,0,1,10,2025,0,0,0,0,0,0,0,0,0,0,0,0,0,0,0,0,1,0,0,0,0,0,0,0,0,0,1,0,0,0,1,0,0,0,1,0,0,0,0,0,1,0,0
3,0.44502617801047123,2.0,0.43103448275862055,0.7398373983739837,0.5299145299145307,0.663636363636364,0.47284716834755613,4,0.24691358024691362,0.0,0.0,0.14375000000000004,0.389937106918239,0.4489795918367345,0.2,0.3157894736842105,15040.0,0.5333333333333332,1.0,0,1,5,2025,0,0,0,0,0,0,0,0,0,0,0,0,0,0,0,0,1,0,0,0,0,0,0,0,0,1,0,0,0,0,1,0,0,0,1,0,0,0,0,0,1,0,0
2,0.20418848167539266,4.0,0.43103448275862055,0.7398373983739837,0.5299145299145307,0.663636363636364,0.4926299456943366,4,0.24691358024691362,0.7142857142857142,0.4761904761904763,0.14375000000000004,0.389937106918239,0.4489795918367345,0.2,0.3157894736842105,15510.0,0.5333333333333332,1.0,0,1,5,2025,0,0,0,0,0,0,0,0,0,0,0,0,0,0,0,0,1,0,0,0,0,0,0,0,0,0,1,0,0,0,1,0,0,0,1,0,0,0,0,0,1,0,0
3,0.44502617801047123,2.0,0.43103448275862055,0.7398373983739837,0.5299145299145307,0.663636363636364,0.5120248254460822,4,0.24691358024691362,0.7142857142857142,0.4761904761904763,0.125,0.7044025157232704,0.5510204081632655,0.14285714285714285,0.26315789473684204,18150.0,0.6315789473684212,2.0,0,1,5,2025,0,0,0,0,0,0,0,0,0,0,0,0,0,0,0,0,1,0,0,0,0,1,0,0,0,1,0,0,0,0,1,0,0,0,0,0,0,0,0,0,1,0,0
2,0.20418848167539266,4.0,0.43103448275862055,0.7398373983739837,0.5299145299145307,0.663636363636364,0.5271528316524436,4,0.24691358024691362,0.7142857142857142,0.4761904761904763,0.125,0.7044025157232704,0.5510204081632655,0.14285714285714285,0.26315789473684204,18620.0,0.6315789473684212,2.0,0,1,5,2025,0,0,0,0,0,0,0,0,0,0,0,0,0,0,0,0,1,0,0,0,0,1,0,0,0,0,1,0,0,0,1,0,0,0,0,0,0,0,0,0,1,0,0
2,0.09424083769633507,2.0,0.2448275862068967,0.25691056910569143,0.2649572649572649,0.4454545454545453,0.2179984484096199,4,0.14814814814814814,0.7714285714285716,0.13809523809523805,0.125,0.13207547169811318,0.30612244897959173,0.4857142857142857,0.5263157894736842,5118.0,0.23225806451612913,0.0,0,1,5,2025,0,0,0,0,0,0,0,0,0,0,0,0,0,0,0,0,0,1,0,0,0,0,0,0,0,1,0,0,0,0,1,0,0,0,0,1,0,1,0,0,0,0,0
2,0.09424083769633507,2.0,0.2448275862068967,0.2731707317073173,0.28205128205128194,0.4454545454545453,0.24515128006206366,4,0.1934156378600823,0.7714285714285716,0.2714285714285716,0.10624999999999996,0.1572327044025157,0.1020408163265305,0.3428571428571429,0.39473684210526316,7053.0,0.35384615384615375,0.0,0,1,5,2025,0,0,0,0,0,0,0,0,0,0,0,0,0,0,0,0,0,1,0,0,0,0,0,0,0,1,0,0,0,0,1,0,0,0,0,1,0,1,0,0,0,0,0
2,0.09424083769633507,2.0,0.23103448275862037,0.2634146341463417,0.29914529914529897,0.6272727272727279,0.2916989914662529,4,0.1934156378600823,0.7714285714285716,0.2714285714285716,0.10624999999999996,0.1572327044025157,0.1020408163265305,0.3428571428571429,0.39473684210526316,7603.0,0.35384615384615375,0.0,0,1,5,2025,0,0,0,0,0,0,0,0,0,0,0,0,0,0,0,0,0,1,0,0,0,0,0,0,0,1,0,0,0,0,0,0,0,0,0,1,0,1,0,0,0,0,0
0,0.19371727748691098,4.0,0.3655172413793104,0.5024390243902439,0.435897435897437,0.336363636363636,0.25484871993793634,4,0.1934156378600823,0.7714285714285716,0.2714285714285716,0.15625,0.21383647798742134,0.26530612244897966,0.5142857142857142,0.5526315789473684,7126.0,0.21250000000000008,0.0,0,1,5,2025,0,0,0,0,0,0,0,0,0,0,0,0,0,0,0,0,0,1,0,0,0,0,0,0,0,0,1,0,0,0,1,0,0,0,0,1,0,1,0,0,0,0,0
0,0.19371727748691098,4.0,0.3655172413793104,0.5024390243902439,0.435897435897437,0.336363636363636,0.2723041117145074,4,0.1934156378600823,0.7714285714285716,0.2714285714285716,0.15625,0.21383647798742134,0.1020408163265305,0.39999999999999997,0.4473684210526315,7775.0,0.3,0.0,0,1,5,2025,0,0,0,0,0,0,0,0,0,0,0,0,0,0,0,0,0,1,0,0,0,0,0,0,0,0,1,0,0,0,1,0,0,0,0,1,0,1,0,0,0,0,0
0,0.19371727748691098,4.0,0.3655172413793104,0.5024390243902439,0.435897435897437,0.336363636363636,0.33048875096974395,4,0.1934156378600823,0.7714285714285716,0.2714285714285716,0.125,0.28930817610062887,0.4285714285714286,0.3428571428571429,0.42105263157894735,9960.0,0.35384615384615375,0.0,0,1,5,2025,0,0,0,0,0,0,0,0,0,0,0,0,0,0,0,0,0,1,0,0,0,0,0,0,0,0,1,0,0,0,1,0,0,0,0,1,0,0,0,0,1,0,0
0,0.19371727748691098,4.0,0.35862068965517224,0.5024390243902439,0.435897435897437,0.5,0.39643134212567877,4,0.1934156378600823,0.7714285714285716,0.2714285714285716,0.04375000000000001,0.39622641509433965,0.26530612244897966,0.28571428571428575,0.3421052631578947,11259.0,0.4166666666666667,1.0,0,1,5,2025,0,0,0,0,0,0,0,0,0,0,0,0,0,0,0,0,0,1,0,0,0,1,0,0,0,0,1,0,0,0,0,0,0,0,0,1,0,0,0,0,1,0,0
0,0.12565445026178013,4.0,0.35862068965517224,0.526829268292683,0.435897435897437,0.38181818181818183,0.3110938712179985,4,0.1934156378600823,0.7714285714285716,0.2714285714285716,0.125,0.21383647798742134,0.26530612244897966,0.39999999999999997,0.42105263157894735,7463.0,0.3,0.0,0,1,5,2025,0,0,0,0,0,0,0,0,0,0,0,0,0,0,0,0,0,1,0,0,0,0,0,0,0,0,0,1,0,0,1,0,0,0,0,1,0,1,0,0,0,0,0
0,0.12565445026178013,4.0,0.35862068965517224,0.526829268292683,0.435897435897437,0.38181818181818183,0.37509697439875866,4,0.1934156378600823,0.7714285714285716,0.2714285714285716,0.125,0.28930817610062887,0.4285714285714286,0.31428571428571433,0.39473684210526316,10198.0,0.38400000000000006,0.0,0,1,5,2025,0,0,0,0,0,0,0,0,0,0,0,0,0,0,0,0,0,1,0,0,0,0,0,0,0,0,0,1,0,0,1,0,0,0,0,1,0,0,0,0,1,0,0
0,0.10471204188481675,4.0,0.3551724137931038,0.5284552845528458,0.435897435897437,0.5545454545454547,0.36152055857253684,4,0.1934156378600823,0.7714285714285716,0.2714285714285716,0.125,0.21383647798742134,0.26530612244897966,0.2571428571428572,0.3421052631578947,8013.0,0.45217391304347837,0.0,0,1,5,2025,0,0,0,0,0,0,0,0,0,0,0,0,0,0,0,0,0,1,0,0,0,0,0,0,0,0,0,1,0,0,0,0,0,0,0,1,0,1,0,0,0,0,0
0,0.10471204188481675,4.0,0.3551724137931038,0.5284552845528458,0.435897435897437,0.5545454545454547,0.4507370054305664,4,0.1934156378600823,0.7714285714285716,0.2714285714285716,0.04375000000000001,0.39622641509433965,0.26530612244897966,0.2571428571428572,0.1842105263157895,11694.0,0.45217391304347837,1.0,0,1,5,2025,0,0,0,0,0,0,0,0,0,0,0,0,0,0,0,0,0,1,0,0,0,1,0,0,0,0,0,1,0,0,0,0,0,0,0,1,0,0,0,0,1,0,0
1,0.11518324607329844,2.0,0.31379310344827616,0.2861788617886183,0.28205128205128194,0.5181818181818185,0.19278510473235067,4,0.12757201646090538,0.3642857142857141,0.4571428571428571,0.125,0.08805031446540879,0.26530612244897966,0.6000000000000001,0.6052631578947367,5348.0,0.15999999999999998,0.0,0,1,5,2025,0,0,0,0,0,0,0,0,0,0,0,0,0,0,0,0,0,0,1,0,0,0,0,0,0,1,0,0,0,0,1,0,0,0,1,0,0,1,0,0,0,0,0
1,0.11518324607329844,2.0,0.31379310344827616,0.2861788617886183,0.28205128205128194,0.5181818181818185,0.21411947245927077,4,0.12757201646090538,0.3642857142857141,0.4571428571428571,0.125,0.08805031446540879,0.26530612244897966,0.4857142857142857,0.5789473684210527,6338.0,0.23225806451612913,0.0,0,1,5,2025,0,0,0,0,0,0,0,0,0,0,0,0,0,0,0,0,0,0,1,0,0,0,0,0,0,1,0,0,0,0,1,0,0,0,1,0,0,1,0,0,0,0,0
1,0.04712041884816753,4.0,0.31379310344827616,0.2861788617886183,0.28205128205128194,0.5181818181818185,0.20442203258339797,4,0.12757201646090538,0.3642857142857141,0.4571428571428571,0.125,0.08805031446540879,0.26530612244897966,0.4857142857142857,0.5789473684210527,6488.0,0.23225806451612913,0.0,0,1,5,2025,0,0,0,0,0,0,0,0,0,0,0,0,0,0,0,0,0,0,1,0,0,0,0,0,0,1,0,0,0,0,1,0,0,0,1,0,0,1,0,0,0,0,0
0,0.06282722513089006,4.0,0.31379310344827616,0.46504065040650433,0.28205128205128194,0.9363636363636365,0.30721489526764933,4,0.12757201646090538,0.3642857142857141,0.4571428571428571,0.125,0.08805031446540879,0.26530612244897966,0.4857142857142857,0.5526315789473684,6918.0,0.23225806451612913,0.0,0,1,5,2025,0,0,0,0,0,0,0,0,0,0,0,0,0,0,0,0,0,0,1,0,0,0,0,0,0,0,0,1,0,0,1,0,0,0,1,0,0,1,0,0,0,0,0
0,0.08376963350785338,4.0,0.31379310344827616,0.46504065040650433,0.28205128205128194,0.9363636363636365,0.3110938712179985,4,0.12757201646090538,0.3642857142857141,0.4571428571428571,0.125,0.08805031446540879,0.26530612244897966,0.3714285714285714,0.42105263157894735,7898.0,0.325925925925926,0.0,0,1,5,2025,0,0,0,0,0,0,0,0,0,0,0,0,0,0,0,0,0,0,1,0,0,0,0,0,0,0,0,1,0,0,0,0,0,0,1,0,0,1,0,0,0,0,0
0,0.13612565445026176,4.0,0.31379310344827616,0.46504065040650433,0.28205128205128194,0.9363636363636365,0.6291698991466252,4,0.12757201646090538,0.3642857142857141,0.4571428571428571,0.125,0.08805031446540879,0.26530612244897966,0.3714285714285714,0.42105263157894735,8778.0,0.325925925925926,0.0,0,1,6,2025,0,0,0,0,0,0,0,0,0,0,0,0,0,0,0,0,0,0,1,0,0,0,0,0,0,0,0,1,0,0,0,0,0,0,1,0,0,1,0,0,0,0,0
0,0.13612565445026176,4.0,0.31379310344827616,0.409756097560976,0.35042735042735096,0.38181818181818183,0.2300232738557021,4,0.15226337448559674,0.4642857142857142,0.4571428571428571,0.125,0.1383647798742138,0.26530612244897966,0.45714285714285713,0.5526315789473684,6938.0,0.25333333333333324,0.0,0,1,6,2025,0,0,0,0,0,0,0,0,0,0,0,0,0,0,0,0,0,0,1,0,0,0,0,0,0,0,1,0,0,0,1,0,0,0,1,0,0,1,0,0,0,0,0
0,0.13612565445026176,4.0,0.31379310344827616,0.409756097560976,0.35042735042735096,0.3636363636363633,0.24088440651667964,4,0.15226337448559674,0.4642857142857142,0.4571428571428571,0.125,0.1383647798742138,0.26530612244897966,0.45714285714285713,0.5526315789473684,7198.0,0.25333333333333324,0.0,0,1,3,2025,0,0,0,0,0,0,0,0,0,0,0,0,0,0,0,0,0,0,1,0,0,0,0,0,0,1,0,0,0,0,1,0,0,0,1,0,0,1,0,0,0,0,0
0,0.13612565445026176,4.0,0.31379310344827616,0.409756097560976,0.35042735042735096,0.38181818181818183,0.3052754072924748,4,0.20164609053497945,0.5214285714285716,0.6095238095238096,0.96875,0.05031446540880502,0.1428571428571428,0.5714285714285714,0.5263157894736842,7898.0,0.1764705882352941,0.0,1,0,6,2025,0,0,0,0,0,0,0,0,0,0,0,0,0,0,0,0,0,0,1,0,0,0,0,0,0,0,1,0,0,0,1,0,0,0,1,0,0,0,1,0,0,0,0
0,0.13612565445026176,4.0,0.31379310344827616,0.409756097560976,0.35042735042735096,0.3636363636363633,0.3052754072924748,4,0.20164609053497945,0.5214285714285716,0.6095238095238096,0.96875,0.05031446540880502,0.1428571428571428,0.6857142857142857,0.8157894736842104,7788.0,0.11578947368421061,0.0,1,0,6,2025,0,0,0,0,0,0,0,0,0,0,0,0,0,0,0,0,0,0,1,0,0,0,0,0,0,1,0,0,0,0,1,0,0,0,1,0,0,0,1,0,0,0,0
0,0.13612565445026176,4.0,0.31379310344827616,0.409756097560976,0.35042735042735096,0.38181818181818183,0.23506594259115587,4,0.15226337448559674,0.4642857142857142,0.4571428571428571,0.125,0.1383647798742138,0.26530612244897966,0.6857142857142857,0.8157894736842104,7738.0,0.11578947368421061,0.0,0,1,6,2025,0,0,0,0,0,0,0,0,0,0,0,0,0,0,0,0,0,0,1,0,0,0,0,0,0,0,1,0,0,0,1,0,0,0,1,0,0,1,0,0,0,0,0
0,0.13612565445026176,4.0,0.31379310344827616,0.409756097560976,0.35042735042735096,0.3636363636363633,0.24592707525213342,4,0.15226337448559674,0.4642857142857142,0.4571428571428571,0.125,0.1383647798742138,0.26530612244897966,0.39999999999999997,0.4736842105263157,8358.0,0.3,0.0,0,1,7,2025,0,0,0,0,0,0,0,0,0,0,0,0,0,0,0,0,0,0,1,0,0,0,0,0,0,1,0,0,0,0,1,0,0,0,1,0,0,1,0,0,0,0,0
0,0.13612565445026176,4.0,0.31379310344827616,0.409756097560976,0.35042735042735096,0.3636363636363633,0.2529092319627618,4,0.15226337448559674,0.4642857142857142,0.4571428571428571,0.125,0.1383647798742138,0.26530612244897966,0.39999999999999997,0.4736842105263157,9258.0,0.3,0.0,0,1,6,2025,0,0,0,0,0,0,0,0,0,0,0,0,0,0,0,0,0,0,1,0,0,0,0,0,0,0,1,0,0,0,1,0,0,0,1,0,0,1,0,0,0,0,0
1,0.5392670157068062,2.0,0.27241379310344804,0.448780487804878,0.316239316239316,0.3454545454545457,0.26415826221877425,4,0.15226337448559674,0.4642857142857142,0.4571428571428571,0.125,0.1383647798742138,0.26530612244897966,0.42857142857142855,0.4736842105263157,8058.0,0.2758620689655175,0.0,0,1,6,2025,0,0,0,0,0,0,0,0,0,0,0,0,0,0,0,0,0,0,1,0,0,0,0,0,0,0,1,0,0,0,0,1,0,0,1,0,0,1,0,0,0,0,0
1,0.5392670157068062,2.0,0.27241379310344804,0.448780487804878,0.316239316239316,0.3454545454545457,0.2777346780449961,4,0.15226337448559674,0.4642857142857142,0.4571428571428571,0.125,0.1383647798742138,0.26530612244897966,0.42857142857142855,0.4736842105263157,8238.0,0.2758620689655175,0.0,0,1,6,2025,0,0,0,0,0,0,0,0,0,0,0,0,0,0,0,0,0,0,1,0,0,0,0,0,0,1,0,0,0,0,0,1,0,0,1,0,0,1,0,0,0,0,0
1,0.5392670157068062,2.0,0.27241379310344804,0.448780487804878,0.316239316239316,0.3454545454545457,0.3013964313421257,4,0.15226337448559674,0.5000000000000002,0.480952380952381,0.15000000000000002,0.4025157232704403,0.9999999999999998,0.3428571428571429,0.3421052631578947,9298.0,0.35384615384615375,1.0,0,1,11,2025,0,0,0,0,0,0,0,0,0,0,0,0,0,0,0,0,0,0,1,0,0,0,0,0,0,0,1,0,0,0,0,1,0,0,0,0,0,0,0,0,1,0,0
1,0.5392670157068062,2.0,0.27241379310344804,0.448780487804878,0.316239316239316,0.3454545454545457,0.3149728471683475,4,0.15226337448559674,0.5000000000000002,0.480952380952381,0.15000000000000002,0.4025157232704403,0.9999999999999998,0.3428571428571429,0.3421052631578947,9538.0,0.35384615384615375,1.0,0,1,6,2025,0,0,0,0,0,0,0,0,0,0,0,0,0,0,0,0,0,0,1,0,0,0,0,0,0,1,0,0,0,0,0,1,0,0,0,0,0,0,0,0,1,0,0
2,0.36125654450261785,2.0,0.4068965517241381,0.5707317073170732,0.4529914529914514,0.290909090909091,0.4080682699767262,4,0.3497942386831276,0.7714285714285716,0.680952380952381,0.14375000000000004,0.4276729559748428,0.26530612244897966,0.28571428571428575,0.368421052631579,8449.0,0.4166666666666667,1.0,0,1,6,2025,0,0,0,0,0,0,0,0,0,0,0,0,0,0,0,0,0,0,1,0,0,0,0,0,1,0,0,0,0,0,0,1,0,0,1,0,0,0,0,0,1,0,0
2,0.36125654450261785,2.0,0.4068965517241381,0.5707317073170732,0.4529914529914514,0.290909090909091,0.40651667959658644,4,0.3497942386831276,0.7714285714285716,0.680952380952381,0.14375000000000004,0.4276729559748428,0.26530612244897966,0.28571428571428575,0.368421052631579,9639.0,0.4166666666666667,1.0,0,1,6,2025,0,0,0,0,0,0,0,0,0,0,0,0,0,0,0,0,0,0,1,0,0,0,0,0,1,0,0,0,0,0,0,1,0,0,1,0,0,0,0,0,1,0,0
2,0.36125654450261785,2.0,0.4068965517241381,0.5707317073170732,0.4529914529914514,0.290909090909091,0.4123351435221102,4,0.3497942386831276,0.7714285714285716,0.680952380952381,0.14375000000000004,0.4276729559748428,0.26530612244897966,0.28571428571428575,0.368421052631579,9989.0,0.4166666666666667,1.0,0,1,6,2025,0,0,0,0,0,0,0,0,0,0,0,0,0,0,0,0,0,0,1,0,0,0,0,0,0,1,0,0,0,0,0,1,0,0,1,0,0,0,0,0,1,0,0
2,0.36125654450261785,2.0,0.4068965517241381,0.5707317073170732,0.4529914529914514,0.290909090909091,0.4619860356865788,4,0.3497942386831276,0.7714285714285716,0.680952380952381,0.14375000000000004,0.4276729559748428,0.26530612244897966,0.28571428571428575,0.368421052631579,11199.0,0.4166666666666667,1.0,0,1,6,2025,0,0,0,0,0,0,0,0,0,0,0,0,0,0,0,0,0,0,1,0,0,0,0,0,1,0,0,0,0,0,0,1,0,0,1,0,0,0,0,0,1,0,0
2,0.36125654450261785,2.0,0.4068965517241381,0.5707317073170732,0.4529914529914514,0.290909090909091,0.4755624515128005,4,0.3497942386831276,0.7714285714285716,0.680952380952381,0.14375000000000004,0.4276729559748428,0.26530612244897966,0.28571428571428575,0.368421052631579,11549.0,0.4166666666666667,1.0,0,1,6,2025,0,0,0,0,0,0,0,0,0,0,0,0,0,0,0,0,0,0,1,0,0,0,0,0,0,1,0,0,0,0,0,1,0,0,1,0,0,0,0,0,1,0,0
2,0.36125654450261785,2.0,0.4068965517241381,0.5707317073170732,0.4529914529914514,0.38181818181818183,0.5768037238169124,4,0.3497942386831276,0.7714285714285716,0.680952380952381,0.14375000000000004,0.4276729559748428,0.26530612244897966,0.28571428571428575,0.368421052631579,17669.0,0.4166666666666667,1.0,0,1,6,2025,0,0,0,0,0,0,0,0,0,0,0,0,0,0,0,0,0,0,1,0,0,0,0,1,0,0,0,0,0,0,0,1,0,0,1,0,0,0,0,0,1,0,0
-1,0.0,4.0,0.5448275862068965,0.5609756097560976,0.5299145299145307,0.5545454545454547,0.3250581846392552,4,0.25102880658436216,0.55,0.7000000000000002,0.10624999999999996,0.2767295597484276,0.020408163265306145,0.42857142857142855,0.4736842105263157,8948.0,0.2758620689655175,0.0,0,1,6,2025,0,0,0,0,0,0,0,0,0,0,0,0,0,0,0,0,0,0,1,0,0,0,0,0,0,0,1,0,0,0,1,0,0,0,1,0,0,0,0,0,1,0,0
-1,0.0,4.0,0.5448275862068965,0.5609756097560976,0.5299145299145307,0.5545454545454547,0.38479441427463146,4,0.20164609053497945,0.5214285714285716,0.6095238095238096,0.96875,0.1572327044025157,0.1428571428571428,0.45714285714285713,0.4473684210526315,10698.0,0.25333333333333324,0.0,1,0,6,2025,0,0,0,0,0,0,0,0,0,0,0,0,0,0,0,0,0,0,1,0,0,1,0,0,0,0,1,0,0,0,1,0,0,0,1,0,0,0,1,0,0,0,0
-1,0.0,4.0,0.5448275862068965,0.5609756097560976,0.5299145299145307,0.46363636363636385,0.35919317300232734,4,0.25102880658436216,0.55,0.7000000000000002,0.10624999999999996,0.2767295597484276,0.020408163265306145,0.3714285714285714,0.42105263157894735,9988.0,0.325925925925926,0.0,0,1,6,2025,0,0,0,0,0,0,0,0,0,0,0,0,0,0,0,0,0,0,1,0,0,0,0,0,0,1,0,0,0,0,1,0,0,0,1,0,0,0,0,0,1,0,0
-1,0.0,4.0,0.5448275862068965,0.5609756097560976,0.5299145299145307,0.5545454545454547,0.35919317300232734,4,0.25102880658436216,0.55,0.7000000000000002,0.10624999999999996,0.2767295597484276,0.020408163265306145,0.3714285714285714,0.42105263157894735,10898.0,0.325925925925926,0.0,0,1,6,2025,0,0,0,0,0,0,0,0,0,0,0,0,0,0,0,0,0,0,1,0,0,0,0,0,0,0,1,0,0,0,1,0,0,0,1,0,0,0,0,0,1,0,0
-1,0.0,4.0,0.5448275862068965,0.5609756097560976,0.5299145299145307,0.46363636363636385,0.3762606671838634,4,0.25102880658436216,0.55,0.7000000000000002,0.10624999999999996,0.2767295597484276,0.020408163265306145,0.3714285714285714,0.42105263157894735,11248.0,0.325925925925926,0.0,0,1,6,2025,0,0,0,0,0,0,0,0,0,0,0,0,0,0,0,0,0,0,1,0,0,0,0,0,0,1,0,0,0,0,1,0,0,0,1,0,0,0,0,0,1,0,0
3,0.6910994764397906,2.0,0.5620689655172417,0.6894308943089431,0.6324786324786329,0.290909090909091,0.5771916214119472,6,0.45267489711934156,0.5214285714285716,0.6095238095238096,0.14375000000000004,0.710691823899371,0.4285714285714286,0.17142857142857143,0.21052631578947367,16558.0,0.5800000000000001,2.0,0,1,6,2025,0,0,0,0,0,0,0,0,0,0,0,0,0,0,0,0,0,0,1,0,0,0,0,0,0,1,0,0,0,0,0,1,0,0,0,0,0,0,0,0,1,0,0
3,0.6910994764397906,2.0,0.5620689655172417,0.6894308943089431,0.6324786324786329,0.290909090909091,0.5927075252133436,6,0.45267489711934156,0.5214285714285716,0.6095238095238096,0.14375000000000004,0.710691823899371,0.4285714285714286,0.14285714285714285,0.21052631578947367,15998.0,0.6315789473684212,2.0,0,1,6,2025,0,0,0,0,0,0,0,0,0,0,0,0,0,0,0,0,0,0,1,0,0,0,0,0,0,1,0,0,0,0,0,1,0,0,0,0,0,0,0,0,1,0,0
-1,0.13089005235602097,4.0,0.6172413793103448,0.7593495934959353,0.5299145299145307,0.48181818181818237,0.6373157486423584,6,0.45267489711934156,0.5214285714285716,0.6095238095238096,0.13749999999999996,0.6792452830188679,0.4285714285714286,0.17142857142857143,0.21052631578947367,15690.0,0.5800000000000001,2.0,0,1,6,2025,0,0,0,0,0,0,0,0,0,0,0,0,0,0,0,0,0,0,1,0,0,0,0,0,0,0,1,0,0,0,0,1,0,0,0,0,0,0,0,0,1,0,0
-1,0.29842931937172773,4.0,0.6172413793103448,0.7593495934959353,0.5299145299145307,0.48181818181818237,0.6450737005430567,6,0.41152263374485604,0.5214285714285716,0.6095238095238096,0.13749999999999996,0.6792452830188679,0.4285714285714286,0.14285714285714285,0.21052631578947367,15750.0,0.6315789473684212,2.0,0,1,6,2025,0,0,0,0,0,0,0,0,0,0,0,0,0,0,0,0,0,0,1,0,0,0,0,0,0,0,0,1,0,0,0,1,0,0,0,0,0,0,0,0,1,0,0
2,0.29842931937172773,2.0,0.36896551724137927,0.4975609756097561,0.44444444444444464,0.6272727272727279,0.29984484096198605,4,0.14814814814814814,0.33571428571428563,0.6333333333333333,1.0,0.02515723270440251,0.26530612244897966,0.6571428571428573,0.7894736842105263,7775.0,0.1297297297297299,0.0,1,0,6,2025,0,0,0,0,0,0,0,0,0,0,0,0,0,0,0,0,0,0,0,1,0,0,0,0,0,0,1,0,0,0,1,0,0,0,1,0,0,0,1,0,0,0,0
2,0.29842931937172773,2.0,0.36896551724137927,0.4975609756097561,0.44444444444444464,0.6272727272727279,0.2796741660201707,4,0.19753086419753085,0.4642857142857142,0.6333333333333333,0.125,0.23270440251572322,0.4489795918367345,0.3714285714285714,0.4736842105263157,7975.0,0.325925925925926,0.0,0,1,6,2025,0,0,0,0,0,0,0,0,0,0,0,0,0,0,0,0,0,0,0,1,0,0,0,0,0,0,1,0,0,0,1,0,0,0,1,0,0,0,0,0,1,0,0
2,0.1518324607329843,4.0,0.36896551724137927,0.4975609756097561,0.44444444444444464,0.6272727272727279,0.3010085337470908,4,0.14814814814814814,0.33571428571428563,0.6333333333333333,1.0,0.02515723270440251,0.26530612244897966,0.6571428571428573,0.7894736842105263,7995.0,0.1297297297297299,0.0,1,0,6,2025,0,0,0,0,0,0,0,0,0,0,0,0,0,0,0,0,0,0,0,1,0,0,0,0,0,0,1,0,0,0,1,0,0,0,1,0,0,0,1,0,0,0,0
2,0.1518324607329843,4.0,0.36896551724137927,0.4975609756097561,0.44444444444444464,0.6272727272727279,0.28083785880527545,4,0.19753086419753085,0.4642857142857142,0.6333333333333333,0.125,0.23270440251572322,0.4489795918367345,0.3714285714285714,0.4736842105263157,8195.0,0.325925925925926,0.0,0,1,1,2025,0,0,0,0,0,0,0,0,0,0,0,0,0,0,0,0,0,0,0,1,0,0,0,0,0,0,1,0,0,0,1,0,0,0,1,0,0,0,0,0,1,0,0
2,0.1518324607329843,4.0,0.36896551724137927,0.4975609756097561,0.44444444444444464,0.6272727272727279,0.3052754072924748,4,0.19753086419753085,0.4642857142857142,0.6333333333333333,0.125,0.23270440251572322,0.4489795918367345,0.3714285714285714,0.4736842105263157,8495.0,0.325925925925926,0.0,0,1,7,2025,0,0,0,0,0,0,0,0,0,0,0,0,0,0,0,0,0,0,0,1,0,0,0,0,0,0,1,0,0,0,1,0,0,0,1,0,0,0,0,0,1,0,0
2,0.1518324607329843,4.0,0.36896551724137927,0.4975609756097561,0.44444444444444464,0.6272727272727279,0.3223429014740109,4,0.14814814814814814,0.33571428571428563,0.6333333333333333,1.0,0.12578616352201255,0.1428571428571428,0.6571428571428573,0.6842105263157894,9495.0,0.1297297297297299,0.0,1,0,7,2025,0,0,0,0,0,0,0,0,0,0,0,0,0,0,0,0,0,0,0,1,0,1,0,0,0,0,1,0,0,0,1,0,0,0,1,0,0,0,1,0,0,0,0
2,0.1518324607329843,4.0,0.36896551724137927,0.4975609756097561,0.44444444444444464,0.6272727272727279,0.3149728471683475,4,0.19753086419753085,0.4642857142857142,0.6333333333333333,0.1875,0.32704402515723274,0.5510204081632655,0.3428571428571429,0.42105263157894735,9995.0,0.35384615384615375,0.0,0,1,7,2025,0,0,0,0,0,0,0,0,0,0,0,0,0,0,0,0,0,0,0,1,0,0,0,0,0,0,1,0,0,0,1,0,0,0,1,0,0,0,0,0,1,0,0
3,0.29842931937172773,2.0,0.27241379310344804,0.2959349593495939,0.3333333333333339,0.6181818181818182,0.29712955779674166,4,0.19753086419753085,0.4642857142857142,0.6333333333333333,0.09375,0.26415094339622636,0.5510204081632655,0.28571428571428575,0.3421052631578947,11595.0,0.4166666666666667,0.0,0,1,5,2025,0,0,0,0,0,0,0,0,0,0,0,0,0,0,0,0,0,0,0,1,0,0,0,1,0,0,0,0,0,0,1,0,0,0,1,0,0,0,0,0,1,0,0
3,1.0,2.0,0.27241379310344804,0.3999999999999999,0.316239316239316,0.23636363636363633,0.2843289371605896,4,0.19753086419753085,0.4642857142857142,0.6333333333333333,0.09375,0.26415094339622636,0.5510204081632655,0.28571428571428575,0.3421052631578947,9980.0,0.4166666666666667,0.0,0,1,7,2025,0,0,0,0,0,0,0,0,0,0,0,0,0,0,0,0,0,0,0,1,0,0,0,0,0,1,0,0,0,0,1,0,0,0,1,0,0,0,0,0,1,0,0
0,0.29842931937172773,4.0,0.4758620689655175,0.6357723577235763,0.5641025641025648,0.5727272727272732,0.4550038789759503,5,0.30864197530864196,0.4642857142857142,0.6333333333333333,0.09375,0.389937106918239,0.5510204081632655,0.14285714285714285,0.21052631578947367,13295.0,0.6315789473684212,1.0,0,1,7,2025,0,0,0,0,0,0,0,0,0,0,0,0,0,0,0,0,0,0,0,1,0,0,0,0,0,0,1,0,0,0,1,0,0,0,1,0,0,0,0,0,1,0,0
0,0.29842931937172773,4.0,0.4758620689655175,0.6357723577235763,0.5641025641025648,0.5727272727272732,0.42319627618308764,4,0.14814814814814814,0.33571428571428563,0.6333333333333333,1.0,0.12578616352201255,0.1428571428571428,0.5428571428571429,0.5789473684210527,13845.0,0.19393939393939402,0.0,1,0,7,2025,0,0,0,0,0,0,0,0,0,0,0,0,0,0,0,0,0,0,0,1,0,1,0,0,0,0,1,0,0,0,1,0,0,0,1,0,0,0,1,0,0,0,0
0,0.29842931937172773,4.0,0.4758620689655175,0.6829268292682928,0.5641025641025648,0.5727272727272732,0.4169899146625291,4,0.19753086419753085,0.4642857142857142,0.6333333333333333,0.125,0.2515723270440251,0.5510204081632655,0.31428571428571433,0.39473684210526316,12290.0,0.38400000000000006,0.0,0,1,9,2025,0,0,0,0,0,0,0,0,0,0,0,0,0,0,0,0,0,0,0,1,0,0,0,0,0,0,0,1,0,0,1,0,0,0,1,0,0,0,0,0,1,0,0
-2,0.19895287958115188,4.0,0.6103448275862067,0.7756097560975612,0.5897435897435894,0.6727272727272728,0.5523661753297129,4,0.3292181069958848,0.8857142857142855,0.5142857142857142,0.15625,0.41509433962264153,0.5102040816326532,0.2571428571428572,0.3157894736842105,12940.0,0.45217391304347837,1.0,0,1,7,2025,0,0,0,0,0,0,0,0,0,0,0,0,0,0,0,0,0,0,0,0,1,0,0,0,0,0,1,0,0,0,0,1,0,0,1,0,0,0,0,0,1,0,0
-1,0.04712041884816753,4.0,0.6103448275862067,0.7756097560975612,0.5897435897435894,0.790909090909091,0.5996896819239721,4,0.3292181069958848,0.8857142857142855,0.5142857142857142,0.15625,0.41509433962264153,0.5102040816326532,0.2571428571428572,0.3157894736842105,13415.0,0.45217391304347837,1.0,0,1,7,2025,0,0,0,0,0,0,0,0,0,0,0,0,0,0,0,0,0,0,0,0,1,0,0,0,0,0,0,1,0,0,0,1,0,0,1,0,0,0,0,0,1,0,0
-2,0.19895287958115188,4.0,0.6103448275862067,0.7756097560975612,0.5897435897435894,0.6727272727272728,0.5612878200155158,4,0.3292181069958848,0.8857142857142855,0.5142857142857142,0.15625,0.41509433962264153,0.5102040816326532,0.28571428571428575,0.3157894736842105,15985.0,0.4166666666666667,1.0,0,1,7,2025,0,0,0,0,0,0,0,0,0,0,0,0,0,0,0,0,0,0,0,0,1,0,0,0,0,0,1,0,0,0,0,1,0,0,1,0,0,0,0,0,1,0,0
-1,0.04712041884816753,4.0,0.6103448275862067,0.7756097560975612,0.5897435897435894,0.790909090909091,0.6027928626842514,4,0.3292181069958848,0.8857142857142855,0.5142857142857142,0.15625,0.41509433962264153,0.5102040816326532,0.28571428571428575,0.3157894736842105,16515.0,0.4166666666666667,1.0,0,1,7,2025,0,0,0,0,0,0,0,0,0,0,0,0,0,0,0,0,0,0,0,0,1,0,0,0,0,0,0,1,0,0,0,1,0,0,1,0,0,0,0,0,1,0,0
-2,0.19895287958115188,4.0,0.6103448275862067,0.7756097560975612,0.5897435897435894,0.6727272727272728,0.603956555469356,4,0.2839506172839506,0.7714285714285716,0.5142857142857142,0.03125,0.7169811320754716,0.3877551020408163,0.08571428571428574,0.1578947368421053,18420.0,0.7529411764705887,2.0,0,1,7,2025,0,0,0,0,0,0,0,0,0,0,0,0,0,0,0,0,0,0,0,0,1,1,0,0,0,0,1,0,0,0,0,1,0,0,1,0,0,0,0,0,1,0,0
-1,0.04712041884816753,4.0,0.6103448275862067,0.7756097560975612,0.5897435897435894,0.790909090909091,0.6474010861132662,4,0.2839506172839506,0.7714285714285716,0.5142857142857142,0.03125,0.7169811320754716,0.3877551020408163,0.08571428571428574,0.1578947368421053,18950.0,0.7529411764705887,2.0,0,1,7,2025,0,0,0,0,0,0,0,0,0,0,0,0,0,0,0,0,0,0,0,0,1,1,0,0,0,0,0,1,0,0,0,1,0,0,1,0,0,0,0,0,1,0,0
-1,0.15706806282722513,4.0,0.7758620689655169,0.7756097560975612,0.7350427350427351,0.6090909090909093,0.5678820791311094,4,0.3292181069958848,0.8857142857142855,0.5142857142857142,0.15625,0.41509433962264153,0.5102040816326532,0.2571428571428572,0.3157894736842105,16845.0,0.45217391304347837,1.0,0,1,7,2025,0,0,0,0,0,0,0,0,0,0,0,0,0,0,0,0,0,0,0,0,1,0,0,0,0,0,1,0,0,0,0,1,0,0,1,0,0,0,0,0,1,0,0
-1,0.15706806282722513,4.0,0.7758620689655169,0.7756097560975612,0.7264957264957266,0.6090909090909093,0.6055081458494957,4,0.3292181069958848,0.8857142857142855,0.5142857142857142,0.10624999999999996,0.7044025157232704,0.4693877551020409,0.14285714285714285,0.23684210526315785,19045.0,0.6315789473684212,2.0,0,1,7,2025,0,0,0,0,0,0,0,0,0,0,0,0,0,0,0,0,0,0,0,0,1,1,0,0,0,0,1,0,0,0,0,1,0,0,1,0,0,0,0,0,1,0,0
-1,0.15706806282722513,4.0,0.7758620689655169,0.7756097560975612,0.7350427350427351,0.6090909090909093,0.591155934833204,6,0.46090534979423875,0.7428571428571431,0.38095238095238115,0.11250000000000004,0.5408805031446541,0.5510204081632655,0.11428571428571427,0.1842105263157895,21485.0,0.6888888888888891,1.0,0,1,7,2025,0,0,0,0,0,0,0,0,0,0,0,0,0,0,0,0,0,0,0,0,1,0,0,0,0,0,1,0,0,0,0,1,0,0,0,0,1,0,0,0,1,0,0
-1,0.15706806282722513,4.0,0.7758620689655169,0.7756097560975612,0.7350427350427351,0.6090909090909093,0.6706749418153608,6,0.34567901234567905,0.33571428571428563,0.6333333333333333,1.0,0.3647798742138365,0.26530612244897966,0.3428571428571429,0.2894736842105263,22470.0,0.35384615384615375,1.0,1,0,7,2025,0,0,0,0,0,0,0,0,0,0,0,0,0,0,0,0,0,0,0,0,1,1,0,0,0,0,1,0,0,0,0,1,0,0,1,0,0,0,1,0,0,0,0
-1,0.15706806282722513,4.0,0.7758620689655169,0.7756097560975612,0.7350427350427351,0.6090909090909093,0.6105508145849496,4,0.3292181069958848,0.8857142857142855,0.5142857142857142,0.15625,0.41509433962264153,0.5102040816326532,0.14285714285714285,0.23684210526315785,22625.0,0.6315789473684212,1.0,0,1,7,2025,0,0,0,0,0,0,0,0,0,0,0,0,0,0,0,0,0,0,0,0,1,1,0,0,0,0,1,0,0,0,0,1,0,0,1,0,0,0,0,0,1,0,0
